{"level":"info","message":"✓ Database connected successfully","service":"phishguard-backend","timestamp":"2026-04-04 09:27:10"}
{"level":"info","message":"🚀 ============================================","service":"phishguard-backend","timestamp":"2026-04-04 09:27:10"}
{"level":"info","message":"🚀 Server started successfully!","service":"phishguard-backend","timestamp":"2026-04-04 09:27:10"}
{"level":"info","message":"🚀 Environment: development","service":"phishguard-backend","timestamp":"2026-04-04 09:27:10"}
{"level":"info","message":"🚀 Port: 3001","service":"phishguard-backend","timestamp":"2026-04-04 09:27:10"}
{"level":"info","message":"🚀 API Version: v1","service":"phishguard-backend","timestamp":"2026-04-04 09:27:10"}
{"level":"info","message":"🚀 Health Check: http://localhost:3001/health","service":"phishguard-backend","timestamp":"2026-04-04 09:27:10"}
{"level":"info","message":"🚀 API Base URL: http://localhost:3001/api/v1","service":"phishguard-backend","timestamp":"2026-04-04 09:27:10"}
{"level":"info","message":"🚀 ============================================","service":"phishguard-backend","timestamp":"2026-04-04 09:27:11"}
{"level":"info","message":{"duration":"9ms","ip":"::1","method":"GET","status":200,"url":"/health"},"service":"phishguard-backend","timestamp":"2026-04-04 09:28:07"}
{"level":"info","message":{"duration":"3ms","ip":"::1","method":"GET","status":404,"url":"/favicon.ico"},"service":"phishguard-backend","timestamp":"2026-04-04 09:28:07"}
{"level":"info","message":{"duration":"10ms","ip":"::1","method":"GET","status":404,"url":"/api/v1"},"service":"phishguard-backend","timestamp":"2026-04-04 09:28:17"}
{"ip":"::1","level":"error","message":"No authentication token provided","method":"GET","service":"phishguard-backend","stack":"Error: No authentication token provided\n    at authenticate (C:\\Users\\PC\\Desktop\\Software Files\\Project\\PhishGuardBackend_App\\src\\middleware\\auth.middleware.ts:32:13)\n    at Layer.handle [as handle_request] (C:\\Users\\PC\\Desktop\\Software Files\\Project\\PhishGuardBackend_App\\node_modules\\express\\lib\\router\\layer.js:95:5)\n    at next (C:\\Users\\PC\\Desktop\\Software Files\\Project\\PhishGuardBackend_App\\node_modules\\express\\lib\\router\\route.js:149:13)\n    at Route.dispatch (C:\\Users\\PC\\Desktop\\Software Files\\Project\\PhishGuardBackend_App\\node_modules\\express\\lib\\router\\route.js:119:3)\n    at Layer.handle [as handle_request] (C:\\Users\\PC\\Desktop\\Software Files\\Project\\PhishGuardBackend_App\\node_modules\\express\\lib\\router\\layer.js:95:5)\n    at C:\\Users\\PC\\Desktop\\Software Files\\Project\\PhishGuardBackend_App\\node_modules\\express\\lib\\router\\index.js:284:15\n    at Function.process_params (C:\\Users\\PC\\Desktop\\Software Files\\Project\\PhishGuardBackend_App\\node_modules\\express\\lib\\router\\index.js:346:12)\n    at next (C:\\Users\\PC\\Desktop\\Software Files\\Project\\PhishGuardBackend_App\\node_modules\\express\\lib\\router\\index.js:280:10)\n    at Function.handle (C:\\Users\\PC\\Desktop\\Software Files\\Project\\PhishGuardBackend_App\\node_modules\\express\\lib\\router\\index.js:175:3)\n    at router (C:\\Users\\PC\\Desktop\\Software Files\\Project\\PhishGuardBackend_App\\node_modules\\express\\lib\\router\\index.js:47:12)","timestamp":"2026-04-04 09:30:11","url":"/api/v1/auth/me","userAgent":"Mozilla/5.0 (Windows NT 10.0; Win64; x64) AppleWebKit/537.36 (KHTML, like Gecko) Chrome/146.0.0.0 Safari/537.36"}
{"level":"info","message":{"duration":"9ms","ip":"::1","method":"GET","status":401,"url":"/api/v1/auth/me"},"service":"phishguard-backend","timestamp":"2026-04-04 09:30:11"}
{"level":"info","message":"✓ Database connected successfully","service":"phishguard-backend","timestamp":"2026-04-04 09:46:33"}
{"level":"info","message":"🚀 ============================================","service":"phishguard-backend","timestamp":"2026-04-04 09:46:33"}
{"level":"info","message":"🚀 Server started successfully!","service":"phishguard-backend","timestamp":"2026-04-04 09:46:33"}
{"level":"info","message":"🚀 Environment: development","service":"phishguard-backend","timestamp":"2026-04-04 09:46:33"}
{"level":"info","message":"🚀 Port: 3001","service":"phishguard-backend","timestamp":"2026-04-04 09:46:33"}
{"level":"info","message":"🚀 API Version: v1","service":"phishguard-backend","timestamp":"2026-04-04 09:46:33"}
{"level":"info","message":"🚀 Health Check: http://localhost:3001/health","service":"phishguard-backend","timestamp":"2026-04-04 09:46:33"}
{"level":"info","message":"🚀 API Base URL: http://localhost:3001/api/v1","service":"phishguard-backend","timestamp":"2026-04-04 09:46:33"}
{"level":"info","message":"🚀 ============================================","service":"phishguard-backend","timestamp":"2026-04-04 09:46:33"}
{"level":"info","message":"User logged in: admin@democorp.com","service":"phishguard-backend","timestamp":"2026-04-04 09:47:36"}
{"level":"info","message":{"duration":"749ms","ip":"::1","method":"POST","status":200,"url":"/api/v1/auth/login"},"service":"phishguard-backend","timestamp":"2026-04-04 09:47:37"}
{"ip":"::1","level":"error","message":"No authentication token provided","method":"GET","service":"phishguard-backend","stack":"Error: No authentication token provided\n    at authenticate (C:\\Users\\PC\\Desktop\\Software Files\\Project\\PhishGuardBackend_App\\src\\middleware\\auth.middleware.ts:32:13)\n    at Layer.handle [as handle_request] (C:\\Users\\PC\\Desktop\\Software Files\\Project\\PhishGuardBackend_App\\node_modules\\express\\lib\\router\\layer.js:95:5)\n    at next (C:\\Users\\PC\\Desktop\\Software Files\\Project\\PhishGuardBackend_App\\node_modules\\express\\lib\\router\\route.js:149:13)\n    at Route.dispatch (C:\\Users\\PC\\Desktop\\Software Files\\Project\\PhishGuardBackend_App\\node_modules\\express\\lib\\router\\route.js:119:3)\n    at Layer.handle [as handle_request] (C:\\Users\\PC\\Desktop\\Software Files\\Project\\PhishGuardBackend_App\\node_modules\\express\\lib\\router\\layer.js:95:5)\n    at C:\\Users\\PC\\Desktop\\Software Files\\Project\\PhishGuardBackend_App\\node_modules\\express\\lib\\router\\index.js:284:15\n    at Function.process_params (C:\\Users\\PC\\Desktop\\Software Files\\Project\\PhishGuardBackend_App\\node_modules\\express\\lib\\router\\index.js:346:12)\n    at next (C:\\Users\\PC\\Desktop\\Software Files\\Project\\PhishGuardBackend_App\\node_modules\\express\\lib\\router\\index.js:280:10)\n    at Function.handle (C:\\Users\\PC\\Desktop\\Software Files\\Project\\PhishGuardBackend_App\\node_modules\\express\\lib\\router\\index.js:175:3)\n    at router (C:\\Users\\PC\\Desktop\\Software Files\\Project\\PhishGuardBackend_App\\node_modules\\express\\lib\\router\\index.js:47:12)","timestamp":"2026-04-04 09:50:22","url":"/api/v1/auth/me","userAgent":"Mozilla/5.0 (Windows NT 10.0; Win64; x64) AppleWebKit/537.36 (KHTML, like Gecko) Chrome/146.0.0.0 Safari/537.36"}
{"level":"info","message":{"duration":"14ms","ip":"::1","method":"GET","status":401,"url":"/api/v1/auth/me"},"service":"phishguard-backend","timestamp":"2026-04-04 09:50:22"}
{"level":"info","message":"User logged in: admin@democorp.com","service":"phishguard-backend","timestamp":"2026-04-04 10:34:42"}
{"level":"info","message":{"duration":"645ms","ip":"::1","method":"POST","status":200,"url":"/api/v1/auth/login"},"service":"phishguard-backend","timestamp":"2026-04-04 10:34:42"}
{"ip":"::1","level":"error","message":"Invalid credentials","method":"POST","service":"phishguard-backend","stack":"Error: Invalid credentials\n    at Object.login (C:\\Users\\PC\\Desktop\\Software Files\\Project\\PhishGuardBackend_App\\src\\services\\auth.service.ts:67:13)\n    at async <anonymous> (C:\\Users\\PC\\Desktop\\Software Files\\Project\\PhishGuardBackend_App\\src\\controllers\\auth.controller.ts:15:30)","timestamp":"2026-04-04 10:36:07","url":"/api/v1/auth/login","userAgent":"Mozilla/5.0 (Windows NT 10.0; Win64; x64) AppleWebKit/537.36 (KHTML, like Gecko) Chrome/146.0.0.0 Safari/537.36"}
{"level":"info","message":{"duration":"30ms","ip":"::1","method":"POST","status":401,"url":"/api/v1/auth/login"},"service":"phishguard-backend","timestamp":"2026-04-04 10:36:07"}
{"ip":"::1","level":"error","message":"Invalid credentials","method":"POST","service":"phishguard-backend","stack":"Error: Invalid credentials\n    at Object.login (C:\\Users\\PC\\Desktop\\Software Files\\Project\\PhishGuardBackend_App\\src\\services\\auth.service.ts:67:13)\n    at async <anonymous> (C:\\Users\\PC\\Desktop\\Software Files\\Project\\PhishGuardBackend_App\\src\\controllers\\auth.controller.ts:15:30)","timestamp":"2026-04-04 10:37:15","url":"/api/v1/auth/login","userAgent":"Mozilla/5.0 (Windows NT 10.0; Win64; x64) AppleWebKit/537.36 (KHTML, like Gecko) Chrome/146.0.0.0 Safari/537.36"}
{"level":"info","message":{"duration":"8ms","ip":"::1","method":"POST","status":401,"url":"/api/v1/auth/login"},"service":"phishguard-backend","timestamp":"2026-04-04 10:37:15"}
{"level":"info","message":"User logged in: sarah@democorp.com","service":"phishguard-backend","timestamp":"2026-04-04 10:38:13"}
{"level":"info","message":{"duration":"476ms","ip":"::1","method":"POST","status":200,"url":"/api/v1/auth/login"},"service":"phishguard-backend","timestamp":"2026-04-04 10:38:13"}
{"level":"info","message":{"duration":"145ms","ip":"::1","method":"GET","status":200,"url":"/api/v1/auth/me"},"service":"phishguard-backend","timestamp":"2026-04-04 10:44:57"}
{"ip":"::1","level":"error","message":"Invalid credentials","method":"POST","service":"phishguard-backend","stack":"Error: Invalid credentials\n    at Object.login (C:\\Users\\PC\\Desktop\\Software Files\\Project\\PhishGuardBackend_App\\src\\services\\auth.service.ts:67:13)\n    at async <anonymous> (C:\\Users\\PC\\Desktop\\Software Files\\Project\\PhishGuardBackend_App\\src\\controllers\\auth.controller.ts:15:30)","timestamp":"2026-04-04 10:45:25","url":"/api/v1/auth/login","userAgent":"Mozilla/5.0 (Windows NT 10.0; Win64; x64) AppleWebKit/537.36 (KHTML, like Gecko) Chrome/146.0.0.0 Safari/537.36"}
{"level":"info","message":{"duration":"17ms","ip":"::1","method":"POST","status":401,"url":"/api/v1/auth/login"},"service":"phishguard-backend","timestamp":"2026-04-04 10:45:25"}
{"ip":"::1","level":"error","message":"Invalid credentials","method":"POST","service":"phishguard-backend","stack":"Error: Invalid credentials\n    at Object.login (C:\\Users\\PC\\Desktop\\Software Files\\Project\\PhishGuardBackend_App\\src\\services\\auth.service.ts:67:13)\n    at async <anonymous> (C:\\Users\\PC\\Desktop\\Software Files\\Project\\PhishGuardBackend_App\\src\\controllers\\auth.controller.ts:15:30)","timestamp":"2026-04-04 10:50:50","url":"/api/v1/auth/login","userAgent":"Mozilla/5.0 (Windows NT 10.0; Win64; x64) AppleWebKit/537.36 (KHTML, like Gecko) Chrome/146.0.0.0 Safari/537.36"}
{"level":"info","message":{"duration":"282ms","ip":"::1","method":"POST","status":401,"url":"/api/v1/auth/login"},"service":"phishguard-backend","timestamp":"2026-04-04 10:50:50"}
{"level":"info","message":"User registered: brunovince0312@gmail.com","service":"phishguard-backend","timestamp":"2026-04-04 10:53:34"}
{"level":"info","message":{"duration":"557ms","ip":"::1","method":"POST","status":201,"url":"/api/v1/auth/register"},"service":"phishguard-backend","timestamp":"2026-04-04 10:53:34"}
{"level":"info","message":{"duration":"144ms","ip":"::1","method":"GET","status":200,"url":"/api/v1/auth/me"},"service":"phishguard-backend","timestamp":"2026-04-04 11:28:56"}
{"ip":"::1","level":"error","message":"No authentication token provided","method":"GET","service":"phishguard-backend","stack":"Error: No authentication token provided\n    at authenticate (C:\\Users\\PC\\Desktop\\Software Files\\Project\\PhishGuardBackend_App\\src\\middleware\\auth.middleware.ts:32:13)\n    at Layer.handle [as handle_request] (C:\\Users\\PC\\Desktop\\Software Files\\Project\\PhishGuardBackend_App\\node_modules\\express\\lib\\router\\layer.js:95:5)\n    at next (C:\\Users\\PC\\Desktop\\Software Files\\Project\\PhishGuardBackend_App\\node_modules\\express\\lib\\router\\route.js:149:13)\n    at Route.dispatch (C:\\Users\\PC\\Desktop\\Software Files\\Project\\PhishGuardBackend_App\\node_modules\\express\\lib\\router\\route.js:119:3)\n    at Layer.handle [as handle_request] (C:\\Users\\PC\\Desktop\\Software Files\\Project\\PhishGuardBackend_App\\node_modules\\express\\lib\\router\\layer.js:95:5)\n    at C:\\Users\\PC\\Desktop\\Software Files\\Project\\PhishGuardBackend_App\\node_modules\\express\\lib\\router\\index.js:284:15\n    at Function.process_params (C:\\Users\\PC\\Desktop\\Software Files\\Project\\PhishGuardBackend_App\\node_modules\\express\\lib\\router\\index.js:346:12)\n    at next (C:\\Users\\PC\\Desktop\\Software Files\\Project\\PhishGuardBackend_App\\node_modules\\express\\lib\\router\\index.js:280:10)\n    at Function.handle (C:\\Users\\PC\\Desktop\\Software Files\\Project\\PhishGuardBackend_App\\node_modules\\express\\lib\\router\\index.js:175:3)\n    at router (C:\\Users\\PC\\Desktop\\Software Files\\Project\\PhishGuardBackend_App\\node_modules\\express\\lib\\router\\index.js:47:12)","timestamp":"2026-04-05 02:19:37","url":"/api/v1/auth/me","userAgent":"Mozilla/5.0 (Windows NT 10.0; Win64; x64) AppleWebKit/537.36 (KHTML, like Gecko) Chrome/146.0.0.0 Safari/537.36"}
{"level":"info","message":{"duration":"93ms","ip":"::1","method":"GET","status":401,"url":"/api/v1/auth/me"},"service":"phishguard-backend","timestamp":"2026-04-05 02:19:37"}
{"level":"info","message":{"duration":"697ms","ip":"::1","method":"GET","status":304,"url":"/api/v1/auth/me"},"service":"phishguard-backend","timestamp":"2026-04-05 12:43:16"}
{"level":"info","message":{"duration":"30ms","ip":"::1","method":"GET","status":304,"url":"/api/v1/auth/me"},"service":"phishguard-backend","timestamp":"2026-04-05 12:43:40"}
{"level":"info","message":{"duration":"15ms","ip":"::1","method":"GET","status":304,"url":"/api/v1/auth/me"},"service":"phishguard-backend","timestamp":"2026-04-05 12:43:59"}
{"level":"info","message":{"duration":"12ms","ip":"::1","method":"GET","status":304,"url":"/api/v1/auth/me"},"service":"phishguard-backend","timestamp":"2026-04-05 12:45:27"}
{"level":"info","message":{"duration":"11ms","ip":"::1","method":"GET","status":304,"url":"/api/v1/auth/me"},"service":"phishguard-backend","timestamp":"2026-04-05 12:45:43"}
{"level":"info","message":{"duration":"231ms","ip":"::1","method":"GET","status":304,"url":"/api/v1/auth/me"},"service":"phishguard-backend","timestamp":"2026-04-05 12:56:51"}
{"level":"info","message":"User logged out: 2f7ecb0c-34ad-4a57-9b95-3ed3778abe28","service":"phishguard-backend","timestamp":"2026-04-05 12:56:55"}
{"level":"info","message":{"duration":"113ms","ip":"::1","method":"POST","status":200,"url":"/api/v1/auth/logout"},"service":"phishguard-backend","timestamp":"2026-04-05 12:56:55"}
{"level":"info","message":"User logged in: admin@democorp.com","service":"phishguard-backend","timestamp":"2026-04-05 13:11:42"}
{"level":"info","message":{"duration":"1492ms","ip":"::1","method":"POST","status":200,"url":"/api/v1/auth/login"},"service":"phishguard-backend","timestamp":"2026-04-05 13:11:42"}
{"level":"info","message":{"duration":"656ms","ip":"::1","method":"GET","status":200,"url":"/api/v1/campaigns?page=1&limit=10"},"service":"phishguard-backend","timestamp":"2026-04-05 13:12:05"}
{"level":"info","message":{"duration":"698ms","ip":"::1","method":"GET","status":304,"url":"/api/v1/campaigns?page=1&limit=10"},"service":"phishguard-backend","timestamp":"2026-04-05 13:12:06"}
{"level":"info","message":{"duration":"56ms","ip":"::1","method":"GET","status":304,"url":"/api/v1/campaigns?page=1&limit=10"},"service":"phishguard-backend","timestamp":"2026-04-05 13:14:07"}
{"level":"info","message":{"duration":"14ms","ip":"::1","method":"GET","status":304,"url":"/api/v1/campaigns?page=1&limit=10"},"service":"phishguard-backend","timestamp":"2026-04-05 13:14:07"}
{"level":"info","message":{"duration":"150ms","ip":"::1","method":"GET","status":200,"url":"/api/v1/analytics/trend?days=90"},"service":"phishguard-backend","timestamp":"2026-04-05 13:18:55"}
{"level":"info","message":{"duration":"154ms","ip":"::1","method":"GET","status":200,"url":"/api/v1/campaigns?limit=5"},"service":"phishguard-backend","timestamp":"2026-04-05 13:18:55"}
{"level":"info","message":{"duration":"13ms","ip":"::1","method":"GET","status":304,"url":"/api/v1/analytics/trend?days=90"},"service":"phishguard-backend","timestamp":"2026-04-05 13:18:55"}
{"level":"info","message":{"duration":"32ms","ip":"::1","method":"GET","status":304,"url":"/api/v1/campaigns?limit=5"},"service":"phishguard-backend","timestamp":"2026-04-05 13:18:55"}
{"level":"info","message":{"duration":"272ms","ip":"::1","method":"GET","status":200,"url":"/api/v1/analytics/overview"},"service":"phishguard-backend","timestamp":"2026-04-05 13:18:55"}
{"level":"info","message":{"duration":"17ms","ip":"::1","method":"GET","status":304,"url":"/api/v1/analytics/overview"},"service":"phishguard-backend","timestamp":"2026-04-05 13:18:55"}
{"level":"info","message":{"duration":"800ms","ip":"::1","method":"GET","status":200,"url":"/api/v1/analytics/risk-assessment"},"service":"phishguard-backend","timestamp":"2026-04-05 13:25:52"}
{"level":"info","message":{"duration":"915ms","ip":"::1","method":"GET","status":200,"url":"/api/v1/users?page=1&limit=10&role=USER"},"service":"phishguard-backend","timestamp":"2026-04-05 13:25:52"}
{"level":"info","message":{"duration":"64ms","ip":"::1","method":"GET","status":304,"url":"/api/v1/analytics/risk-assessment"},"service":"phishguard-backend","timestamp":"2026-04-05 13:25:53"}
{"level":"info","message":{"duration":"67ms","ip":"::1","method":"GET","status":304,"url":"/api/v1/users?page=1&limit=10&role=USER"},"service":"phishguard-backend","timestamp":"2026-04-05 13:25:53"}
{"level":"info","message":{"duration":"580ms","ip":"::1","method":"POST","status":201,"url":"/api/v1/users"},"service":"phishguard-backend","timestamp":"2026-04-05 13:27:26"}
{"level":"info","message":{"duration":"13ms","ip":"::1","method":"GET","status":200,"url":"/api/v1/users?page=1&limit=10&role=USER"},"service":"phishguard-backend","timestamp":"2026-04-05 13:27:26"}
{"level":"info","message":{"duration":"20ms","ip":"::1","method":"GET","status":200,"url":"/api/v1/analytics/risk-assessment"},"service":"phishguard-backend","timestamp":"2026-04-05 13:27:26"}
{"level":"info","message":{"duration":"7ms","ip":"::1","method":"GET","status":200,"url":"/api/v1/users?page=2&limit=10&role=USER"},"service":"phishguard-backend","timestamp":"2026-04-05 13:28:16"}
{"level":"info","message":{"duration":"9ms","ip":"::1","method":"GET","status":304,"url":"/api/v1/users?page=1&limit=10&role=USER"},"service":"phishguard-backend","timestamp":"2026-04-05 13:28:19"}
{"level":"info","message":{"duration":"533ms","ip":"::1","method":"GET","status":200,"url":"/api/v1/templates?limit=50"},"service":"phishguard-backend","timestamp":"2026-04-05 13:32:07"}
{"level":"info","message":{"duration":"195ms","ip":"::1","method":"GET","status":304,"url":"/api/v1/templates?limit=50"},"service":"phishguard-backend","timestamp":"2026-04-05 13:32:07"}
{"level":"info","message":{"duration":"241ms","ip":"::1","method":"GET","status":304,"url":"/api/v1/templates?limit=50"},"service":"phishguard-backend","timestamp":"2026-04-05 13:33:46"}
{"level":"info","message":{"duration":"27ms","ip":"::1","method":"GET","status":304,"url":"/api/v1/templates?limit=50"},"service":"phishguard-backend","timestamp":"2026-04-05 13:33:46"}
{"level":"info","message":{"duration":"10ms","ip":"::1","method":"GET","status":200,"url":"/api/v1/templates?category=EXECUTIVE&limit=50"},"service":"phishguard-backend","timestamp":"2026-04-05 13:33:53"}
{"level":"info","message":{"duration":"12ms","ip":"::1","method":"GET","status":200,"url":"/api/v1/templates?category=PACKAGE&limit=50"},"service":"phishguard-backend","timestamp":"2026-04-05 13:33:58"}
{"level":"info","message":{"duration":"12ms","ip":"::1","method":"GET","status":200,"url":"/api/v1/templates?category=SOCIAL&limit=50"},"service":"phishguard-backend","timestamp":"2026-04-05 13:34:04"}
{"level":"info","message":{"duration":"10ms","ip":"::1","method":"GET","status":200,"url":"/api/v1/templates?category=SOCIAL&difficulty=EASY&limit=50"},"service":"phishguard-backend","timestamp":"2026-04-05 13:34:08"}
{"level":"info","message":{"duration":"14ms","ip":"::1","method":"GET","status":200,"url":"/api/v1/templates?difficulty=EASY&limit=50"},"service":"phishguard-backend","timestamp":"2026-04-05 13:34:12"}
{"level":"info","message":{"duration":"19ms","ip":"::1","method":"GET","status":304,"url":"/api/v1/templates?limit=50"},"service":"phishguard-backend","timestamp":"2026-04-05 13:34:24"}
{"level":"info","message":{"duration":"10ms","ip":"::1","method":"GET","status":200,"url":"/api/v1/templates?difficulty=MEDIUM&limit=50"},"service":"phishguard-backend","timestamp":"2026-04-05 13:34:27"}
{"level":"info","message":{"duration":"9ms","ip":"::1","method":"GET","status":200,"url":"/api/v1/auth/me"},"service":"phishguard-backend","timestamp":"2026-04-05 13:35:04"}
{"level":"info","message":{"duration":"12ms","ip":"::1","method":"GET","status":304,"url":"/api/v1/templates?limit=50"},"service":"phishguard-backend","timestamp":"2026-04-05 13:35:06"}
{"level":"info","message":{"duration":"14ms","ip":"::1","method":"GET","status":304,"url":"/api/v1/templates?limit=50"},"service":"phishguard-backend","timestamp":"2026-04-05 13:35:06"}
{"level":"info","message":{"duration":"315ms","ip":"::1","method":"GET","status":200,"url":"/api/v1/analytics/risk-assessment"},"service":"phishguard-backend","timestamp":"2026-04-05 13:47:26"}
{"level":"info","message":{"duration":"316ms","ip":"::1","method":"GET","status":200,"url":"/api/v1/analytics/trend?days=180"},"service":"phishguard-backend","timestamp":"2026-04-05 13:47:26"}
{"level":"info","message":{"duration":"135ms","ip":"::1","method":"GET","status":304,"url":"/api/v1/analytics/risk-assessment"},"service":"phishguard-backend","timestamp":"2026-04-05 13:47:26"}
{"level":"info","message":{"duration":"623ms","ip":"::1","method":"GET","status":200,"url":"/api/v1/analytics/department"},"service":"phishguard-backend","timestamp":"2026-04-05 13:47:26"}
{"level":"info","message":{"duration":"183ms","ip":"::1","method":"GET","status":304,"url":"/api/v1/analytics/trend?days=180"},"service":"phishguard-backend","timestamp":"2026-04-05 13:47:26"}
{"level":"info","message":{"duration":"855ms","ip":"::1","method":"GET","status":200,"url":"/api/v1/analytics/overview"},"service":"phishguard-backend","timestamp":"2026-04-05 13:47:26"}
{"level":"info","message":{"duration":"24ms","ip":"::1","method":"GET","status":304,"url":"/api/v1/analytics/department"},"service":"phishguard-backend","timestamp":"2026-04-05 13:47:26"}
{"level":"info","message":{"duration":"23ms","ip":"::1","method":"GET","status":304,"url":"/api/v1/analytics/overview"},"service":"phishguard-backend","timestamp":"2026-04-05 13:47:26"}
{"level":"info","message":{"duration":"986ms","ip":"::1","method":"GET","status":304,"url":"/api/v1/analytics/risk-assessment"},"service":"phishguard-backend","timestamp":"2026-04-05 13:53:09"}
{"level":"info","message":{"duration":"45ms","ip":"::1","method":"GET","status":304,"url":"/api/v1/analytics/risk-assessment"},"service":"phishguard-backend","timestamp":"2026-04-05 13:53:09"}
{"level":"info","message":{"duration":"1160ms","ip":"::1","method":"GET","status":304,"url":"/api/v1/users?page=1&limit=10&role=USER"},"service":"phishguard-backend","timestamp":"2026-04-05 13:53:09"}
{"level":"info","message":{"duration":"14ms","ip":"::1","method":"GET","status":304,"url":"/api/v1/users?page=1&limit=10&role=USER"},"service":"phishguard-backend","timestamp":"2026-04-05 13:53:09"}
{"level":"info","message":{"duration":"2820ms","ip":"::1","method":"GET","status":200,"url":"/api/v1/users/cd0b9033-a2bd-4f9e-9242-f9165d55f685/performance"},"service":"phishguard-backend","timestamp":"2026-04-05 13:59:06"}
{"level":"info","message":{"duration":"2962ms","ip":"::1","method":"GET","status":200,"url":"/api/v1/users/cd0b9033-a2bd-4f9e-9242-f9165d55f685"},"service":"phishguard-backend","timestamp":"2026-04-05 13:59:06"}
{"level":"info","message":{"duration":"33ms","ip":"::1","method":"GET","status":304,"url":"/api/v1/users/cd0b9033-a2bd-4f9e-9242-f9165d55f685"},"service":"phishguard-backend","timestamp":"2026-04-05 13:59:06"}
{"level":"info","message":{"duration":"63ms","ip":"::1","method":"GET","status":304,"url":"/api/v1/users/cd0b9033-a2bd-4f9e-9242-f9165d55f685/performance"},"service":"phishguard-backend","timestamp":"2026-04-05 13:59:06"}
{"level":"info","message":{"duration":"30ms","ip":"::1","method":"GET","status":304,"url":"/api/v1/users?page=1&limit=10&role=USER"},"service":"phishguard-backend","timestamp":"2026-04-05 13:59:44"}
{"level":"info","message":{"duration":"20ms","ip":"::1","method":"GET","status":304,"url":"/api/v1/users?page=1&limit=10&role=USER"},"service":"phishguard-backend","timestamp":"2026-04-05 13:59:44"}
{"level":"info","message":{"duration":"242ms","ip":"::1","method":"GET","status":304,"url":"/api/v1/analytics/risk-assessment"},"service":"phishguard-backend","timestamp":"2026-04-05 13:59:44"}
{"level":"info","message":{"duration":"14ms","ip":"::1","method":"GET","status":304,"url":"/api/v1/analytics/risk-assessment"},"service":"phishguard-backend","timestamp":"2026-04-05 13:59:44"}
{"level":"info","message":{"duration":"20ms","ip":"::1","method":"GET","status":200,"url":"/api/v1/users/3972b397-0d24-4aac-b331-c739cb201d93"},"service":"phishguard-backend","timestamp":"2026-04-05 13:59:51"}
{"level":"info","message":{"duration":"14ms","ip":"::1","method":"GET","status":304,"url":"/api/v1/users/3972b397-0d24-4aac-b331-c739cb201d93"},"service":"phishguard-backend","timestamp":"2026-04-05 13:59:51"}
{"level":"info","message":{"duration":"63ms","ip":"::1","method":"GET","status":200,"url":"/api/v1/users/3972b397-0d24-4aac-b331-c739cb201d93/performance"},"service":"phishguard-backend","timestamp":"2026-04-05 13:59:51"}
{"level":"info","message":{"duration":"18ms","ip":"::1","method":"GET","status":304,"url":"/api/v1/users/3972b397-0d24-4aac-b331-c739cb201d93/performance"},"service":"phishguard-backend","timestamp":"2026-04-05 13:59:51"}
{"level":"info","message":{"duration":"23ms","ip":"::1","method":"GET","status":304,"url":"/api/v1/users?page=1&limit=10&role=USER"},"service":"phishguard-backend","timestamp":"2026-04-05 14:00:32"}
{"level":"info","message":{"duration":"10ms","ip":"::1","method":"GET","status":304,"url":"/api/v1/users?page=1&limit=10&role=USER"},"service":"phishguard-backend","timestamp":"2026-04-05 14:00:32"}
{"level":"info","message":{"duration":"147ms","ip":"::1","method":"GET","status":304,"url":"/api/v1/analytics/risk-assessment"},"service":"phishguard-backend","timestamp":"2026-04-05 14:00:32"}
{"level":"info","message":{"duration":"15ms","ip":"::1","method":"GET","status":304,"url":"/api/v1/analytics/risk-assessment"},"service":"phishguard-backend","timestamp":"2026-04-05 14:00:32"}
{"level":"info","message":{"duration":"37ms","ip":"::1","method":"GET","status":304,"url":"/api/v1/campaigns?page=1&limit=10"},"service":"phishguard-backend","timestamp":"2026-04-05 14:03:49"}
{"level":"info","message":{"duration":"16ms","ip":"::1","method":"GET","status":304,"url":"/api/v1/campaigns?page=1&limit=10"},"service":"phishguard-backend","timestamp":"2026-04-05 14:03:49"}
{"level":"info","message":{"duration":"473ms","ip":"::1","method":"GET","status":200,"url":"/api/v1/campaigns/db65168c-1619-4264-b71b-0af3badce9ec/results"},"service":"phishguard-backend","timestamp":"2026-04-05 14:10:57"}
{"level":"info","message":{"duration":"13ms","ip":"::1","method":"GET","status":304,"url":"/api/v1/campaigns/db65168c-1619-4264-b71b-0af3badce9ec/results"},"service":"phishguard-backend","timestamp":"2026-04-05 14:10:57"}
{"level":"info","message":{"duration":"169ms","ip":"::1","method":"GET","status":304,"url":"/api/v1/campaigns?page=1&limit=10"},"service":"phishguard-backend","timestamp":"2026-04-05 14:11:38"}
{"level":"info","message":{"duration":"26ms","ip":"::1","method":"GET","status":304,"url":"/api/v1/campaigns?page=1&limit=10"},"service":"phishguard-backend","timestamp":"2026-04-05 14:11:38"}
{"level":"info","message":{"duration":"16ms","ip":"::1","method":"GET","status":304,"url":"/api/v1/campaigns/db65168c-1619-4264-b71b-0af3badce9ec/results"},"service":"phishguard-backend","timestamp":"2026-04-05 14:11:41"}
{"level":"info","message":{"duration":"21ms","ip":"::1","method":"GET","status":304,"url":"/api/v1/campaigns/db65168c-1619-4264-b71b-0af3badce9ec/results"},"service":"phishguard-backend","timestamp":"2026-04-05 14:11:41"}
{"level":"info","message":{"duration":"18ms","ip":"::1","method":"GET","status":304,"url":"/api/v1/campaigns?page=1&limit=10"},"service":"phishguard-backend","timestamp":"2026-04-05 14:11:47"}
{"level":"info","message":{"duration":"19ms","ip":"::1","method":"GET","status":304,"url":"/api/v1/campaigns?page=1&limit=10"},"service":"phishguard-backend","timestamp":"2026-04-05 14:11:47"}
{"level":"info","message":{"duration":"41ms","ip":"::1","method":"GET","status":304,"url":"/api/v1/campaigns/db65168c-1619-4264-b71b-0af3badce9ec/results"},"service":"phishguard-backend","timestamp":"2026-04-05 14:11:54"}
{"level":"info","message":{"duration":"20ms","ip":"::1","method":"GET","status":304,"url":"/api/v1/campaigns/db65168c-1619-4264-b71b-0af3badce9ec/results"},"service":"phishguard-backend","timestamp":"2026-04-05 14:11:55"}
{"level":"info","message":{"duration":"575ms","ip":"::1","method":"GET","status":304,"url":"/api/v1/campaigns?page=1&limit=10"},"service":"phishguard-backend","timestamp":"2026-04-05 14:16:06"}
{"level":"info","message":{"duration":"27ms","ip":"::1","method":"GET","status":304,"url":"/api/v1/campaigns?page=1&limit=10"},"service":"phishguard-backend","timestamp":"2026-04-05 14:16:07"}
{"level":"info","message":{"duration":"15ms","ip":"::1","method":"GET","status":304,"url":"/api/v1/campaigns/db65168c-1619-4264-b71b-0af3badce9ec/results"},"service":"phishguard-backend","timestamp":"2026-04-05 14:16:22"}
{"level":"info","message":{"duration":"11ms","ip":"::1","method":"GET","status":304,"url":"/api/v1/campaigns/db65168c-1619-4264-b71b-0af3badce9ec/results"},"service":"phishguard-backend","timestamp":"2026-04-05 14:16:22"}
{"level":"info","message":{"duration":"23ms","ip":"::1","method":"GET","status":304,"url":"/api/v1/campaigns?page=1&limit=10"},"service":"phishguard-backend","timestamp":"2026-04-05 14:16:24"}
{"level":"info","message":{"duration":"16ms","ip":"::1","method":"GET","status":304,"url":"/api/v1/campaigns?page=1&limit=10"},"service":"phishguard-backend","timestamp":"2026-04-05 14:16:24"}
{"level":"info","message":{"duration":"20ms","ip":"::1","method":"GET","status":304,"url":"/api/v1/analytics/risk-assessment"},"service":"phishguard-backend","timestamp":"2026-04-05 14:16:30"}
{"level":"info","message":{"duration":"9ms","ip":"::1","method":"GET","status":304,"url":"/api/v1/analytics/risk-assessment"},"service":"phishguard-backend","timestamp":"2026-04-05 14:16:30"}
{"level":"info","message":{"duration":"127ms","ip":"::1","method":"GET","status":304,"url":"/api/v1/users?page=1&limit=10&role=USER"},"service":"phishguard-backend","timestamp":"2026-04-05 14:16:30"}
{"level":"info","message":{"duration":"7ms","ip":"::1","method":"GET","status":304,"url":"/api/v1/users?page=1&limit=10&role=USER"},"service":"phishguard-backend","timestamp":"2026-04-05 14:16:30"}
{"level":"info","message":{"duration":"382ms","ip":"::1","method":"GET","status":304,"url":"/api/v1/campaigns?page=1&limit=10"},"service":"phishguard-backend","timestamp":"2026-04-05 14:23:30"}
{"level":"info","message":{"duration":"21ms","ip":"::1","method":"GET","status":304,"url":"/api/v1/campaigns?page=1&limit=10"},"service":"phishguard-backend","timestamp":"2026-04-05 14:23:30"}
{"level":"info","message":{"duration":"29ms","ip":"::1","method":"GET","status":304,"url":"/api/v1/templates?limit=50"},"service":"phishguard-backend","timestamp":"2026-04-05 14:24:45"}
{"level":"info","message":{"duration":"8ms","ip":"::1","method":"GET","status":304,"url":"/api/v1/templates?limit=50"},"service":"phishguard-backend","timestamp":"2026-04-05 14:24:45"}
{"level":"info","message":{"duration":"14ms","ip":"::1","method":"GET","status":200,"url":"/api/v1/templates/86f67270-c11e-4c98-92da-d786e4d0e831"},"service":"phishguard-backend","timestamp":"2026-04-05 14:24:53"}
{"level":"info","message":{"duration":"13ms","ip":"::1","method":"GET","status":200,"url":"/api/v1/users?department=all&page=1&limit=10&role=USER"},"service":"phishguard-backend","timestamp":"2026-04-05 14:24:58"}
{"level":"info","message":{"duration":"12ms","ip":"::1","method":"GET","status":304,"url":"/api/v1/users?department=all&page=1&limit=10&role=USER"},"service":"phishguard-backend","timestamp":"2026-04-05 14:24:58"}
{"level":"info","message":{"duration":"17ms","ip":"::1","method":"GET","status":304,"url":"/api/v1/templates?limit=50"},"service":"phishguard-backend","timestamp":"2026-04-05 14:25:39"}
{"level":"info","message":{"duration":"14ms","ip":"::1","method":"GET","status":304,"url":"/api/v1/templates?limit=50"},"service":"phishguard-backend","timestamp":"2026-04-05 14:25:39"}
{"level":"info","message":{"duration":"9ms","ip":"::1","method":"GET","status":200,"url":"/api/v1/templates/692c4f09-b47f-42b8-aa7f-55266a73ba41"},"service":"phishguard-backend","timestamp":"2026-04-05 14:25:44"}
{"level":"info","message":{"duration":"8ms","ip":"::1","method":"GET","status":304,"url":"/api/v1/users?department=all&page=1&limit=10&role=USER"},"service":"phishguard-backend","timestamp":"2026-04-05 14:25:48"}
{"level":"info","message":{"duration":"11ms","ip":"::1","method":"GET","status":304,"url":"/api/v1/users?department=all&page=1&limit=10&role=USER"},"service":"phishguard-backend","timestamp":"2026-04-05 14:25:48"}
{"level":"info","message":{"duration":"10ms","ip":"::1","method":"GET","status":304,"url":"/api/v1/templates?limit=50"},"service":"phishguard-backend","timestamp":"2026-04-05 14:25:54"}
{"level":"info","message":{"duration":"11ms","ip":"::1","method":"GET","status":304,"url":"/api/v1/templates?limit=50"},"service":"phishguard-backend","timestamp":"2026-04-05 14:25:54"}
{"level":"info","message":{"duration":"12ms","ip":"::1","method":"GET","status":304,"url":"/api/v1/templates/86f67270-c11e-4c98-92da-d786e4d0e831"},"service":"phishguard-backend","timestamp":"2026-04-05 14:25:57"}
{"level":"info","message":{"duration":"11ms","ip":"::1","method":"GET","status":304,"url":"/api/v1/users?department=all&page=1&limit=10&role=USER"},"service":"phishguard-backend","timestamp":"2026-04-05 14:26:01"}
{"level":"info","message":{"duration":"10ms","ip":"::1","method":"GET","status":304,"url":"/api/v1/users?department=all&page=1&limit=10&role=USER"},"service":"phishguard-backend","timestamp":"2026-04-05 14:26:01"}
{"level":"info","message":{"duration":"21ms","ip":"::1","method":"GET","status":304,"url":"/api/v1/templates?limit=50"},"service":"phishguard-backend","timestamp":"2026-04-05 14:28:09"}
{"level":"info","message":{"duration":"302ms","ip":"::1","method":"GET","status":304,"url":"/api/v1/templates?limit=50"},"service":"phishguard-backend","timestamp":"2026-04-05 14:28:10"}
{"level":"info","message":{"duration":"22ms","ip":"::1","method":"GET","status":304,"url":"/api/v1/users?page=1&limit=10&role=USER"},"service":"phishguard-backend","timestamp":"2026-04-05 14:28:19"}
{"level":"info","message":{"duration":"176ms","ip":"::1","method":"GET","status":304,"url":"/api/v1/users?page=1&limit=10&role=USER"},"service":"phishguard-backend","timestamp":"2026-04-05 14:28:19"}
{"level":"info","message":{"duration":"506ms","ip":"::1","method":"POST","status":201,"url":"/api/v1/campaigns"},"service":"phishguard-backend","timestamp":"2026-04-05 14:29:18"}
{"level":"info","message":{"duration":"31ms","ip":"::1","method":"POST","status":200,"url":"/api/v1/campaigns/65d8766e-6c42-4597-bedd-78e67d9c8b6d/launch"},"service":"phishguard-backend","timestamp":"2026-04-05 14:29:18"}
{"level":"info","message":{"duration":"205ms","ip":"::1","method":"GET","status":200,"url":"/api/v1/campaigns?page=1&limit=10"},"service":"phishguard-backend","timestamp":"2026-04-05 14:29:19"}
{"level":"info","message":{"duration":"28ms","ip":"::1","method":"GET","status":304,"url":"/api/v1/campaigns?page=1&limit=10"},"service":"phishguard-backend","timestamp":"2026-04-05 14:29:20"}
{"level":"info","message":{"duration":"375ms","ip":"::1","method":"GET","status":200,"url":"/api/v1/analytics/trend?days=90"},"service":"phishguard-backend","timestamp":"2026-04-05 14:39:44"}
{"level":"info","message":{"duration":"9ms","ip":"::1","method":"GET","status":304,"url":"/api/v1/analytics/trend?days=90"},"service":"phishguard-backend","timestamp":"2026-04-05 14:39:44"}
{"level":"info","message":{"duration":"327ms","ip":"::1","method":"GET","status":200,"url":"/api/v1/analytics/overview"},"service":"phishguard-backend","timestamp":"2026-04-05 14:39:44"}
{"level":"info","message":{"duration":"29ms","ip":"::1","method":"GET","status":304,"url":"/api/v1/analytics/overview"},"service":"phishguard-backend","timestamp":"2026-04-05 14:39:44"}
{"level":"info","message":{"duration":"373ms","ip":"::1","method":"GET","status":200,"url":"/api/v1/campaigns?limit=5"},"service":"phishguard-backend","timestamp":"2026-04-05 14:39:44"}
{"level":"info","message":{"duration":"12ms","ip":"::1","method":"GET","status":304,"url":"/api/v1/campaigns?limit=5"},"service":"phishguard-backend","timestamp":"2026-04-05 14:39:44"}
{"level":"info","message":{"duration":"169ms","ip":"::1","method":"GET","status":304,"url":"/api/v1/auth/me"},"service":"phishguard-backend","timestamp":"2026-04-05 18:23:15"}
{"level":"info","message":{"duration":"216ms","ip":"::1","method":"GET","status":304,"url":"/api/v1/analytics/trend?days=90"},"service":"phishguard-backend","timestamp":"2026-04-05 18:23:15"}
{"level":"info","message":{"duration":"225ms","ip":"::1","method":"GET","status":304,"url":"/api/v1/campaigns?limit=5"},"service":"phishguard-backend","timestamp":"2026-04-05 18:23:16"}
{"level":"info","message":{"duration":"19ms","ip":"::1","method":"GET","status":304,"url":"/api/v1/analytics/trend?days=90"},"service":"phishguard-backend","timestamp":"2026-04-05 18:23:16"}
{"level":"info","message":{"duration":"38ms","ip":"::1","method":"GET","status":304,"url":"/api/v1/campaigns?limit=5"},"service":"phishguard-backend","timestamp":"2026-04-05 18:23:16"}
{"level":"info","message":{"duration":"383ms","ip":"::1","method":"GET","status":304,"url":"/api/v1/analytics/overview"},"service":"phishguard-backend","timestamp":"2026-04-05 18:23:16"}
{"level":"info","message":{"duration":"19ms","ip":"::1","method":"GET","status":304,"url":"/api/v1/analytics/overview"},"service":"phishguard-backend","timestamp":"2026-04-05 18:23:16"}
{"level":"info","message":{"duration":"1351ms","ip":"::1","method":"PATCH","status":200,"url":"/api/v1/users/0d4cebbe-6aaa-4f9c-ae77-5794d01f4556"},"service":"phishguard-backend","timestamp":"2026-04-05 18:23:49"}
{"level":"info","message":{"duration":"12ms","ip":"::1","method":"GET","status":304,"url":"/api/v1/auth/me"},"service":"phishguard-backend","timestamp":"2026-04-05 18:24:04"}
{"level":"info","message":"User logged out: 0d4cebbe-6aaa-4f9c-ae77-5794d01f4556","service":"phishguard-backend","timestamp":"2026-04-05 18:32:19"}
{"level":"info","message":{"duration":"625ms","ip":"::1","method":"POST","status":200,"url":"/api/v1/auth/logout"},"service":"phishguard-backend","timestamp":"2026-04-05 18:32:19"}
{"level":"info","message":"User logged in: sarah@democorp.com","service":"phishguard-backend","timestamp":"2026-04-05 18:32:49"}
{"level":"info","message":{"duration":"934ms","ip":"::1","method":"POST","status":200,"url":"/api/v1/auth/login"},"service":"phishguard-backend","timestamp":"2026-04-05 18:32:49"}
{"level":"info","message":{"duration":"159ms","ip":"::1","method":"GET","status":200,"url":"/api/v1/quizzes/attempts"},"service":"phishguard-backend","timestamp":"2026-04-05 18:32:51"}
{"level":"info","message":{"duration":"18ms","ip":"::1","method":"GET","status":304,"url":"/api/v1/quizzes/attempts"},"service":"phishguard-backend","timestamp":"2026-04-05 18:32:51"}
{"level":"info","message":{"duration":"326ms","ip":"::1","method":"GET","status":200,"url":"/api/v1/users/044aba48-1729-4937-a625-87a7210f60f1/performance"},"service":"phishguard-backend","timestamp":"2026-04-05 18:32:51"}
{"level":"info","message":{"duration":"17ms","ip":"::1","method":"GET","status":304,"url":"/api/v1/users/044aba48-1729-4937-a625-87a7210f60f1/performance"},"service":"phishguard-backend","timestamp":"2026-04-05 18:32:51"}
{"level":"info","message":{"duration":"303ms","ip":"::1","method":"GET","status":200,"url":"/api/v1/auth/me"},"service":"phishguard-backend","timestamp":"2026-04-05 18:50:51"}
{"level":"info","message":{"duration":"23ms","ip":"::1","method":"GET","status":304,"url":"/api/v1/quizzes/attempts"},"service":"phishguard-backend","timestamp":"2026-04-05 18:50:51"}
{"level":"info","message":{"duration":"220ms","ip":"::1","method":"GET","status":304,"url":"/api/v1/users/044aba48-1729-4937-a625-87a7210f60f1/performance"},"service":"phishguard-backend","timestamp":"2026-04-05 18:50:51"}
{"level":"info","message":{"duration":"182ms","ip":"::1","method":"GET","status":304,"url":"/api/v1/quizzes/attempts"},"service":"phishguard-backend","timestamp":"2026-04-05 18:50:51"}
{"level":"info","message":{"duration":"19ms","ip":"::1","method":"GET","status":304,"url":"/api/v1/users/044aba48-1729-4937-a625-87a7210f60f1/performance"},"service":"phishguard-backend","timestamp":"2026-04-05 18:50:51"}
{"level":"info","message":{"duration":"238ms","ip":"::1","method":"GET","status":200,"url":"/api/v1/quizzes?limit=20"},"service":"phishguard-backend","timestamp":"2026-04-05 18:51:24"}
{"level":"info","message":{"duration":"120ms","ip":"::1","method":"GET","status":304,"url":"/api/v1/quizzes?limit=20"},"service":"phishguard-backend","timestamp":"2026-04-05 18:51:24"}
{"level":"info","message":{"duration":"82ms","ip":"::1","method":"GET","status":200,"url":"/api/v1/quizzes/a152e0fd-78a8-4e97-a1b1-8cd2f5be91fd"},"service":"phishguard-backend","timestamp":"2026-04-05 18:51:55"}
{"level":"info","message":{"duration":"50ms","ip":"::1","method":"GET","status":304,"url":"/api/v1/quizzes/a152e0fd-78a8-4e97-a1b1-8cd2f5be91fd"},"service":"phishguard-backend","timestamp":"2026-04-05 18:51:56"}
{"level":"info","message":{"duration":"376ms","ip":"::1","method":"POST","status":200,"url":"/api/v1/quizzes/a152e0fd-78a8-4e97-a1b1-8cd2f5be91fd/submit"},"service":"phishguard-backend","timestamp":"2026-04-05 18:53:56"}
{"level":"info","message":{"duration":"20ms","ip":"::1","method":"GET","status":200,"url":"/api/v1/quizzes/attempts/ff1854ba-35b7-4c9c-8d16-4c84219fc69b"},"service":"phishguard-backend","timestamp":"2026-04-05 18:54:20"}
{"level":"info","message":{"duration":"13ms","ip":"::1","method":"GET","status":304,"url":"/api/v1/quizzes/attempts/ff1854ba-35b7-4c9c-8d16-4c84219fc69b"},"service":"phishguard-backend","timestamp":"2026-04-05 18:54:20"}
{"level":"info","message":{"duration":"41ms","ip":"::1","method":"GET","status":304,"url":"/api/v1/quizzes/a152e0fd-78a8-4e97-a1b1-8cd2f5be91fd"},"service":"phishguard-backend","timestamp":"2026-04-05 18:55:08"}
{"level":"info","message":{"duration":"16ms","ip":"::1","method":"GET","status":304,"url":"/api/v1/quizzes/a152e0fd-78a8-4e97-a1b1-8cd2f5be91fd"},"service":"phishguard-backend","timestamp":"2026-04-05 18:55:08"}
{"level":"info","message":{"duration":"75ms","ip":"::1","method":"POST","status":200,"url":"/api/v1/quizzes/a152e0fd-78a8-4e97-a1b1-8cd2f5be91fd/submit"},"service":"phishguard-backend","timestamp":"2026-04-05 18:56:12"}
{"level":"info","message":{"duration":"14ms","ip":"::1","method":"GET","status":200,"url":"/api/v1/quizzes/attempts/b6b3c564-9d24-419c-b4c7-c417ad0be70e"},"service":"phishguard-backend","timestamp":"2026-04-05 18:56:14"}
{"level":"info","message":{"duration":"9ms","ip":"::1","method":"GET","status":304,"url":"/api/v1/quizzes/attempts/b6b3c564-9d24-419c-b4c7-c417ad0be70e"},"service":"phishguard-backend","timestamp":"2026-04-05 18:56:15"}
{"level":"info","message":{"duration":"138ms","ip":"::1","method":"GET","status":200,"url":"/api/v1/quizzes/attempts"},"service":"phishguard-backend","timestamp":"2026-04-05 19:08:57"}
{"level":"info","message":{"duration":"12ms","ip":"::1","method":"GET","status":304,"url":"/api/v1/quizzes/attempts"},"service":"phishguard-backend","timestamp":"2026-04-05 19:08:57"}
{"level":"info","message":{"duration":"271ms","ip":"::1","method":"GET","status":200,"url":"/api/v1/users/044aba48-1729-4937-a625-87a7210f60f1/performance"},"service":"phishguard-backend","timestamp":"2026-04-05 19:08:57"}
{"level":"info","message":{"duration":"23ms","ip":"::1","method":"GET","status":304,"url":"/api/v1/users/044aba48-1729-4937-a625-87a7210f60f1/performance"},"service":"phishguard-backend","timestamp":"2026-04-05 19:08:57"}
{"level":"info","message":{"duration":"11ms","ip":"::1","method":"GET","status":304,"url":"/api/v1/auth/me"},"service":"phishguard-backend","timestamp":"2026-04-05 19:10:05"}
{"level":"info","message":{"duration":"32ms","ip":"::1","method":"GET","status":304,"url":"/api/v1/auth/me"},"service":"phishguard-backend","timestamp":"2026-04-05 19:10:21"}
{"level":"warn","message":{"event":"UNAUTHORIZED_ADMIN_ACCESS_ATTEMPT","ip":"::1","path":"/db65168c-1619-4264-b71b-0af3badce9ec/results","role":"USER","type":"SECURITY_EVENT","userId":"044aba48-1729-4937-a625-87a7210f60f1"},"service":"phishguard-backend","timestamp":"2026-04-05 19:10:21"}
{"ip":"::1","level":"error","message":"Admin access required","method":"GET","service":"phishguard-backend","stack":"Error: Admin access required\n    at requireAdmin (C:\\Users\\PC\\Desktop\\Software Files\\Project\\PhishGuardBackend_App\\src\\middleware\\auth.middleware.ts:100:13)\n    at Layer.handle [as handle_request] (C:\\Users\\PC\\Desktop\\Software Files\\Project\\PhishGuardBackend_App\\node_modules\\express\\lib\\router\\layer.js:95:5)\n    at next (C:\\Users\\PC\\Desktop\\Software Files\\Project\\PhishGuardBackend_App\\node_modules\\express\\lib\\router\\route.js:149:13)\n    at Route.dispatch (C:\\Users\\PC\\Desktop\\Software Files\\Project\\PhishGuardBackend_App\\node_modules\\express\\lib\\router\\route.js:119:3)\n    at Layer.handle [as handle_request] (C:\\Users\\PC\\Desktop\\Software Files\\Project\\PhishGuardBackend_App\\node_modules\\express\\lib\\router\\layer.js:95:5)\n    at C:\\Users\\PC\\Desktop\\Software Files\\Project\\PhishGuardBackend_App\\node_modules\\express\\lib\\router\\index.js:284:15\n    at param (C:\\Users\\PC\\Desktop\\Software Files\\Project\\PhishGuardBackend_App\\node_modules\\express\\lib\\router\\index.js:365:14)\n    at param (C:\\Users\\PC\\Desktop\\Software Files\\Project\\PhishGuardBackend_App\\node_modules\\express\\lib\\router\\index.js:376:14)\n    at Function.process_params (C:\\Users\\PC\\Desktop\\Software Files\\Project\\PhishGuardBackend_App\\node_modules\\express\\lib\\router\\index.js:421:3)\n    at next (C:\\Users\\PC\\Desktop\\Software Files\\Project\\PhishGuardBackend_App\\node_modules\\express\\lib\\router\\index.js:280:10)","timestamp":"2026-04-05 19:10:21","url":"/api/v1/campaigns/db65168c-1619-4264-b71b-0af3badce9ec/results","userAgent":"Mozilla/5.0 (Windows NT 10.0; Win64; x64) AppleWebKit/537.36 (KHTML, like Gecko) Chrome/146.0.0.0 Safari/537.36"}
{"level":"info","message":{"duration":"252ms","ip":"::1","method":"GET","status":403,"url":"/api/v1/campaigns/db65168c-1619-4264-b71b-0af3badce9ec/results"},"service":"phishguard-backend","timestamp":"2026-04-05 19:10:21"}
{"level":"warn","message":{"event":"UNAUTHORIZED_ADMIN_ACCESS_ATTEMPT","ip":"::1","path":"/db65168c-1619-4264-b71b-0af3badce9ec/results","role":"USER","type":"SECURITY_EVENT","userId":"044aba48-1729-4937-a625-87a7210f60f1"},"service":"phishguard-backend","timestamp":"2026-04-05 19:10:21"}
{"ip":"::1","level":"error","message":"Admin access required","method":"GET","service":"phishguard-backend","stack":"Error: Admin access required\n    at requireAdmin (C:\\Users\\PC\\Desktop\\Software Files\\Project\\PhishGuardBackend_App\\src\\middleware\\auth.middleware.ts:100:13)\n    at Layer.handle [as handle_request] (C:\\Users\\PC\\Desktop\\Software Files\\Project\\PhishGuardBackend_App\\node_modules\\express\\lib\\router\\layer.js:95:5)\n    at next (C:\\Users\\PC\\Desktop\\Software Files\\Project\\PhishGuardBackend_App\\node_modules\\express\\lib\\router\\route.js:149:13)\n    at Route.dispatch (C:\\Users\\PC\\Desktop\\Software Files\\Project\\PhishGuardBackend_App\\node_modules\\express\\lib\\router\\route.js:119:3)\n    at Layer.handle [as handle_request] (C:\\Users\\PC\\Desktop\\Software Files\\Project\\PhishGuardBackend_App\\node_modules\\express\\lib\\router\\layer.js:95:5)\n    at C:\\Users\\PC\\Desktop\\Software Files\\Project\\PhishGuardBackend_App\\node_modules\\express\\lib\\router\\index.js:284:15\n    at param (C:\\Users\\PC\\Desktop\\Software Files\\Project\\PhishGuardBackend_App\\node_modules\\express\\lib\\router\\index.js:365:14)\n    at param (C:\\Users\\PC\\Desktop\\Software Files\\Project\\PhishGuardBackend_App\\node_modules\\express\\lib\\router\\index.js:376:14)\n    at Function.process_params (C:\\Users\\PC\\Desktop\\Software Files\\Project\\PhishGuardBackend_App\\node_modules\\express\\lib\\router\\index.js:421:3)\n    at next (C:\\Users\\PC\\Desktop\\Software Files\\Project\\PhishGuardBackend_App\\node_modules\\express\\lib\\router\\index.js:280:10)","timestamp":"2026-04-05 19:10:21","url":"/api/v1/campaigns/db65168c-1619-4264-b71b-0af3badce9ec/results","userAgent":"Mozilla/5.0 (Windows NT 10.0; Win64; x64) AppleWebKit/537.36 (KHTML, like Gecko) Chrome/146.0.0.0 Safari/537.36"}
{"level":"info","message":{"duration":"30ms","ip":"::1","method":"GET","status":403,"url":"/api/v1/campaigns/db65168c-1619-4264-b71b-0af3badce9ec/results"},"service":"phishguard-backend","timestamp":"2026-04-05 19:10:21"}
{"level":"info","message":{"duration":"308ms","ip":"::1","method":"GET","status":200,"url":"/api/v1/campaigns/db65168c-1619-4264-b71b-0af3badce9ec"},"service":"phishguard-backend","timestamp":"2026-04-05 19:22:22"}
{"level":"info","message":{"duration":"21ms","ip":"::1","method":"GET","status":304,"url":"/api/v1/campaigns/db65168c-1619-4264-b71b-0af3badce9ec"},"service":"phishguard-backend","timestamp":"2026-04-05 19:22:22"}
{"level":"info","message":{"duration":"15ms","ip":"::1","method":"GET","status":200,"url":"/api/v1/templates/a9dcb092-3353-4070-8669-7ffc902c9fa7"},"service":"phishguard-backend","timestamp":"2026-04-05 19:22:22"}
{"level":"info","message":{"duration":"15ms","ip":"::1","method":"GET","status":304,"url":"/api/v1/templates/a9dcb092-3353-4070-8669-7ffc902c9fa7"},"service":"phishguard-backend","timestamp":"2026-04-05 19:22:22"}
{"level":"info","message":{"duration":"25ms","ip":"::1","method":"GET","status":200,"url":"/api/v1/quizzes?limit=5"},"service":"phishguard-backend","timestamp":"2026-04-05 19:22:22"}
{"level":"info","message":{"duration":"92ms","ip":"::1","method":"GET","status":304,"url":"/api/v1/quizzes?limit=5"},"service":"phishguard-backend","timestamp":"2026-04-05 19:22:22"}
{"level":"info","message":{"duration":"43ms","ip":"::1","method":"GET","status":304,"url":"/api/v1/auth/me"},"service":"phishguard-backend","timestamp":"2026-04-05 19:22:51"}
{"level":"info","message":{"duration":"11ms","ip":"::1","method":"GET","status":304,"url":"/api/v1/auth/me"},"service":"phishguard-backend","timestamp":"2026-04-05 19:23:06"}
{"level":"info","message":{"duration":"77ms","ip":"::1","method":"GET","status":304,"url":"/api/v1/users/044aba48-1729-4937-a625-87a7210f60f1/performance"},"service":"phishguard-backend","timestamp":"2026-04-05 19:23:08"}
{"level":"info","message":{"duration":"72ms","ip":"::1","method":"GET","status":304,"url":"/api/v1/quizzes/attempts"},"service":"phishguard-backend","timestamp":"2026-04-05 19:23:08"}
{"level":"info","message":{"duration":"24ms","ip":"::1","method":"GET","status":304,"url":"/api/v1/quizzes/attempts"},"service":"phishguard-backend","timestamp":"2026-04-05 19:23:08"}
{"level":"info","message":{"duration":"44ms","ip":"::1","method":"GET","status":304,"url":"/api/v1/users/044aba48-1729-4937-a625-87a7210f60f1/performance"},"service":"phishguard-backend","timestamp":"2026-04-05 19:23:08"}
{"level":"info","message":{"duration":"18ms","ip":"::1","method":"GET","status":304,"url":"/api/v1/quizzes/attempts/b6b3c564-9d24-419c-b4c7-c417ad0be70e"},"service":"phishguard-backend","timestamp":"2026-04-05 19:23:12"}
{"level":"info","message":{"duration":"16ms","ip":"::1","method":"GET","status":304,"url":"/api/v1/quizzes/attempts/b6b3c564-9d24-419c-b4c7-c417ad0be70e"},"service":"phishguard-backend","timestamp":"2026-04-05 19:23:12"}
{"level":"info","message":{"duration":"26ms","ip":"::1","method":"GET","status":304,"url":"/api/v1/quizzes/a152e0fd-78a8-4e97-a1b1-8cd2f5be91fd"},"service":"phishguard-backend","timestamp":"2026-04-05 19:23:14"}
{"level":"info","message":{"duration":"12ms","ip":"::1","method":"GET","status":304,"url":"/api/v1/quizzes/a152e0fd-78a8-4e97-a1b1-8cd2f5be91fd"},"service":"phishguard-backend","timestamp":"2026-04-05 19:23:14"}
{"level":"info","message":{"duration":"17ms","ip":"::1","method":"GET","status":304,"url":"/api/v1/users/044aba48-1729-4937-a625-87a7210f60f1/performance"},"service":"phishguard-backend","timestamp":"2026-04-05 19:23:17"}
{"level":"info","message":{"duration":"12ms","ip":"::1","method":"GET","status":304,"url":"/api/v1/users/044aba48-1729-4937-a625-87a7210f60f1/performance"},"service":"phishguard-backend","timestamp":"2026-04-05 19:23:17"}
{"level":"info","message":{"duration":"473ms","ip":"::1","method":"GET","status":304,"url":"/api/v1/quizzes/attempts"},"service":"phishguard-backend","timestamp":"2026-04-05 19:23:18"}
{"level":"info","message":{"duration":"11ms","ip":"::1","method":"GET","status":304,"url":"/api/v1/quizzes/attempts"},"service":"phishguard-backend","timestamp":"2026-04-05 19:23:18"}
{"level":"info","message":{"duration":"19ms","ip":"::1","method":"GET","status":304,"url":"/api/v1/quizzes/a152e0fd-78a8-4e97-a1b1-8cd2f5be91fd"},"service":"phishguard-backend","timestamp":"2026-04-05 19:23:21"}
{"level":"info","message":{"duration":"13ms","ip":"::1","method":"GET","status":304,"url":"/api/v1/quizzes/a152e0fd-78a8-4e97-a1b1-8cd2f5be91fd"},"service":"phishguard-backend","timestamp":"2026-04-05 19:23:21"}
{"level":"info","message":{"duration":"14ms","ip":"::1","method":"GET","status":304,"url":"/api/v1/quizzes/attempts/ff1854ba-35b7-4c9c-8d16-4c84219fc69b"},"service":"phishguard-backend","timestamp":"2026-04-05 19:23:23"}
{"level":"info","message":{"duration":"16ms","ip":"::1","method":"GET","status":304,"url":"/api/v1/quizzes/attempts/ff1854ba-35b7-4c9c-8d16-4c84219fc69b"},"service":"phishguard-backend","timestamp":"2026-04-05 19:23:23"}
{"level":"info","message":{"duration":"13ms","ip":"::1","method":"GET","status":304,"url":"/api/v1/quizzes/a152e0fd-78a8-4e97-a1b1-8cd2f5be91fd"},"service":"phishguard-backend","timestamp":"2026-04-05 19:23:28"}
{"level":"info","message":{"duration":"146ms","ip":"::1","method":"GET","status":304,"url":"/api/v1/quizzes/a152e0fd-78a8-4e97-a1b1-8cd2f5be91fd"},"service":"phishguard-backend","timestamp":"2026-04-05 19:23:29"}
{"level":"info","message":{"duration":"17ms","ip":"::1","method":"GET","status":304,"url":"/api/v1/quizzes/attempts"},"service":"phishguard-backend","timestamp":"2026-04-05 19:23:34"}
{"level":"info","message":{"duration":"96ms","ip":"::1","method":"GET","status":304,"url":"/api/v1/users/044aba48-1729-4937-a625-87a7210f60f1/performance"},"service":"phishguard-backend","timestamp":"2026-04-05 19:23:34"}
{"level":"info","message":{"duration":"68ms","ip":"::1","method":"GET","status":304,"url":"/api/v1/quizzes/attempts"},"service":"phishguard-backend","timestamp":"2026-04-05 19:23:34"}
{"level":"info","message":{"duration":"14ms","ip":"::1","method":"GET","status":304,"url":"/api/v1/users/044aba48-1729-4937-a625-87a7210f60f1/performance"},"service":"phishguard-backend","timestamp":"2026-04-05 19:23:35"}
{"level":"info","message":{"duration":"498ms","ip":"::1","method":"GET","status":304,"url":"/api/v1/auth/me"},"service":"phishguard-backend","timestamp":"2026-04-06 18:29:30"}
{"level":"info","message":{"duration":"24ms","ip":"::1","method":"GET","status":304,"url":"/api/v1/quizzes/attempts"},"service":"phishguard-backend","timestamp":"2026-04-06 18:29:30"}
{"level":"info","message":{"duration":"14ms","ip":"::1","method":"GET","status":304,"url":"/api/v1/quizzes/attempts"},"service":"phishguard-backend","timestamp":"2026-04-06 18:29:30"}
{"level":"info","message":{"duration":"594ms","ip":"::1","method":"GET","status":304,"url":"/api/v1/users/044aba48-1729-4937-a625-87a7210f60f1/performance"},"service":"phishguard-backend","timestamp":"2026-04-06 18:29:31"}
{"level":"info","message":{"duration":"37ms","ip":"::1","method":"GET","status":304,"url":"/api/v1/users/044aba48-1729-4937-a625-87a7210f60f1/performance"},"service":"phishguard-backend","timestamp":"2026-04-06 18:29:31"}
{"level":"info","message":{"duration":"207ms","ip":"::1","method":"GET","status":304,"url":"/api/v1/auth/me"},"service":"phishguard-backend","timestamp":"2026-04-06 18:37:11"}
{"level":"info","message":{"duration":"50ms","ip":"::1","method":"GET","status":304,"url":"/api/v1/users/044aba48-1729-4937-a625-87a7210f60f1/performance"},"service":"phishguard-backend","timestamp":"2026-04-06 18:37:11"}
{"level":"info","message":{"duration":"263ms","ip":"::1","method":"GET","status":304,"url":"/api/v1/quizzes/attempts"},"service":"phishguard-backend","timestamp":"2026-04-06 18:37:11"}
{"level":"info","message":{"duration":"17ms","ip":"::1","method":"GET","status":304,"url":"/api/v1/quizzes/attempts"},"service":"phishguard-backend","timestamp":"2026-04-06 18:37:11"}
{"level":"info","message":{"duration":"334ms","ip":"::1","method":"GET","status":304,"url":"/api/v1/users/044aba48-1729-4937-a625-87a7210f60f1/performance"},"service":"phishguard-backend","timestamp":"2026-04-06 18:37:11"}
{"level":"info","message":"✓ Database connected successfully","service":"phishguard-backend","timestamp":"2026-04-06 18:43:00"}
{"level":"info","message":"🚀 ============================================","service":"phishguard-backend","timestamp":"2026-04-06 18:43:00"}
{"level":"info","message":"🚀 Server started successfully!","service":"phishguard-backend","timestamp":"2026-04-06 18:43:00"}
{"level":"info","message":"🚀 Environment: development","service":"phishguard-backend","timestamp":"2026-04-06 18:43:00"}
{"level":"info","message":"🚀 Port: 3001","service":"phishguard-backend","timestamp":"2026-04-06 18:43:00"}
{"level":"info","message":"🚀 API Version: v1","service":"phishguard-backend","timestamp":"2026-04-06 18:43:00"}
{"level":"info","message":"🚀 Health Check: http://localhost:3001/health","service":"phishguard-backend","timestamp":"2026-04-06 18:43:00"}
{"level":"info","message":"🚀 API Base URL: http://localhost:3001/api/v1","service":"phishguard-backend","timestamp":"2026-04-06 18:43:00"}
{"level":"info","message":"🚀 ============================================","service":"phishguard-backend","timestamp":"2026-04-06 18:43:00"}
{"level":"info","message":"✓ Database connected successfully","service":"phishguard-backend","timestamp":"2026-04-06 18:47:01"}
{"level":"info","message":"🚀 ============================================","service":"phishguard-backend","timestamp":"2026-04-06 18:47:01"}
{"level":"info","message":"🚀 Server started successfully!","service":"phishguard-backend","timestamp":"2026-04-06 18:47:02"}
{"level":"info","message":"🚀 Environment: development","service":"phishguard-backend","timestamp":"2026-04-06 18:47:02"}
{"level":"info","message":"🚀 Port: 3001","service":"phishguard-backend","timestamp":"2026-04-06 18:47:02"}
{"level":"info","message":"🚀 API Version: v1","service":"phishguard-backend","timestamp":"2026-04-06 18:47:02"}
{"level":"info","message":"🚀 Health Check: http://localhost:3001/health","service":"phishguard-backend","timestamp":"2026-04-06 18:47:02"}
{"level":"info","message":"🚀 API Base URL: http://localhost:3001/api/v1","service":"phishguard-backend","timestamp":"2026-04-06 18:47:02"}
{"level":"info","message":"🚀 ============================================","service":"phishguard-backend","timestamp":"2026-04-06 18:47:02"}
{"level":"info","message":"✓ Database connected successfully","service":"phishguard-backend","timestamp":"2026-04-06 18:47:49"}
{"level":"info","message":"🚀 ============================================","service":"phishguard-backend","timestamp":"2026-04-06 18:47:49"}
{"level":"info","message":"🚀 Server started successfully!","service":"phishguard-backend","timestamp":"2026-04-06 18:47:49"}
{"level":"info","message":"🚀 Environment: development","service":"phishguard-backend","timestamp":"2026-04-06 18:47:49"}
{"level":"info","message":"🚀 Port: 3001","service":"phishguard-backend","timestamp":"2026-04-06 18:47:49"}
{"level":"info","message":"🚀 API Version: v1","service":"phishguard-backend","timestamp":"2026-04-06 18:47:49"}
{"level":"info","message":"🚀 Health Check: http://localhost:3001/health","service":"phishguard-backend","timestamp":"2026-04-06 18:47:49"}
{"level":"info","message":"🚀 API Base URL: http://localhost:3001/api/v1","service":"phishguard-backend","timestamp":"2026-04-06 18:47:49"}
{"level":"info","message":"🚀 ============================================","service":"phishguard-backend","timestamp":"2026-04-06 18:47:49"}
{"level":"info","message":"✓ Database connected successfully","service":"phishguard-backend","timestamp":"2026-04-06 18:48:27"}
{"level":"info","message":"🚀 ============================================","service":"phishguard-backend","timestamp":"2026-04-06 18:48:27"}
{"level":"info","message":"🚀 Server started successfully!","service":"phishguard-backend","timestamp":"2026-04-06 18:48:27"}
{"level":"info","message":"🚀 Environment: development","service":"phishguard-backend","timestamp":"2026-04-06 18:48:27"}
{"level":"info","message":"🚀 Port: 3001","service":"phishguard-backend","timestamp":"2026-04-06 18:48:27"}
{"level":"info","message":"🚀 API Version: v1","service":"phishguard-backend","timestamp":"2026-04-06 18:48:27"}
{"level":"info","message":"🚀 Health Check: http://localhost:3001/health","service":"phishguard-backend","timestamp":"2026-04-06 18:48:27"}
{"level":"info","message":"🚀 API Base URL: http://localhost:3001/api/v1","service":"phishguard-backend","timestamp":"2026-04-06 18:48:27"}
{"level":"info","message":"🚀 ============================================","service":"phishguard-backend","timestamp":"2026-04-06 18:48:27"}
{"level":"info","message":"✓ Database connected successfully","service":"phishguard-backend","timestamp":"2026-04-06 18:48:52"}
{"level":"info","message":"🚀 ============================================","service":"phishguard-backend","timestamp":"2026-04-06 18:48:52"}
{"level":"info","message":"🚀 Server started successfully!","service":"phishguard-backend","timestamp":"2026-04-06 18:48:52"}
{"level":"info","message":"🚀 Environment: development","service":"phishguard-backend","timestamp":"2026-04-06 18:48:52"}
{"level":"info","message":"🚀 Port: 3001","service":"phishguard-backend","timestamp":"2026-04-06 18:48:52"}
{"level":"info","message":"🚀 API Version: v1","service":"phishguard-backend","timestamp":"2026-04-06 18:48:52"}
{"level":"info","message":"🚀 Health Check: http://localhost:3001/health","service":"phishguard-backend","timestamp":"2026-04-06 18:48:52"}
{"level":"info","message":"🚀 API Base URL: http://localhost:3001/api/v1","service":"phishguard-backend","timestamp":"2026-04-06 18:48:52"}
{"level":"info","message":"🚀 ============================================","service":"phishguard-backend","timestamp":"2026-04-06 18:48:52"}
{"level":"info","message":{"duration":"253ms","ip":"::1","method":"GET","status":304,"url":"/api/v1/auth/me"},"service":"phishguard-backend","timestamp":"2026-04-06 18:52:14"}
{"level":"info","message":{"duration":"365ms","ip":"::1","method":"GET","status":304,"url":"/api/v1/quizzes/attempts"},"service":"phishguard-backend","timestamp":"2026-04-06 18:52:15"}
{"level":"info","message":{"duration":"15ms","ip":"::1","method":"GET","status":304,"url":"/api/v1/quizzes/attempts"},"service":"phishguard-backend","timestamp":"2026-04-06 18:52:15"}
{"level":"info","message":{"duration":"644ms","ip":"::1","method":"GET","status":304,"url":"/api/v1/users/044aba48-1729-4937-a625-87a7210f60f1/performance"},"service":"phishguard-backend","timestamp":"2026-04-06 18:52:15"}
{"level":"info","message":{"duration":"215ms","ip":"::1","method":"GET","status":304,"url":"/api/v1/users/044aba48-1729-4937-a625-87a7210f60f1/performance"},"service":"phishguard-backend","timestamp":"2026-04-06 18:52:16"}
{"level":"info","message":"User logged out: 044aba48-1729-4937-a625-87a7210f60f1","service":"phishguard-backend","timestamp":"2026-04-06 18:52:19"}
{"level":"info","message":{"duration":"93ms","ip":"::1","method":"POST","status":200,"url":"/api/v1/auth/logout"},"service":"phishguard-backend","timestamp":"2026-04-06 18:52:19"}
{"level":"info","message":"User logged in: admin@democorp.com","service":"phishguard-backend","timestamp":"2026-04-06 18:53:10"}
{"level":"info","message":{"duration":"930ms","ip":"::1","method":"POST","status":200,"url":"/api/v1/auth/login"},"service":"phishguard-backend","timestamp":"2026-04-06 18:53:10"}
{"level":"info","message":{"duration":"29ms","ip":"::1","method":"GET","status":200,"url":"/api/v1/analytics/template-performance"},"service":"phishguard-backend","timestamp":"2026-04-06 18:53:11"}
{"level":"info","message":{"duration":"116ms","ip":"::1","method":"GET","status":304,"url":"/api/v1/analytics/trend?days=90"},"service":"phishguard-backend","timestamp":"2026-04-06 18:53:11"}
{"level":"info","message":{"duration":"154ms","ip":"::1","method":"GET","status":304,"url":"/api/v1/analytics/template-performance"},"service":"phishguard-backend","timestamp":"2026-04-06 18:53:12"}
{"level":"info","message":{"duration":"285ms","ip":"::1","method":"GET","status":200,"url":"/api/v1/analytics/overview"},"service":"phishguard-backend","timestamp":"2026-04-06 18:53:12"}
{"level":"info","message":{"duration":"80ms","ip":"::1","method":"GET","status":304,"url":"/api/v1/analytics/trend?days=90"},"service":"phishguard-backend","timestamp":"2026-04-06 18:53:12"}
{"level":"info","message":{"duration":"79ms","ip":"::1","method":"GET","status":304,"url":"/api/v1/analytics/overview"},"service":"phishguard-backend","timestamp":"2026-04-06 18:53:12"}
{"level":"info","message":{"duration":"673ms","ip":"::1","method":"GET","status":304,"url":"/api/v1/campaigns?limit=5"},"service":"phishguard-backend","timestamp":"2026-04-06 18:53:12"}
{"level":"info","message":{"duration":"32ms","ip":"::1","method":"GET","status":304,"url":"/api/v1/campaigns?limit=5"},"service":"phishguard-backend","timestamp":"2026-04-06 18:53:12"}
{"level":"info","message":{"duration":"21ms","ip":"::1","method":"GET","status":304,"url":"/api/v1/campaigns?page=1&limit=10"},"service":"phishguard-backend","timestamp":"2026-04-06 18:53:51"}
{"level":"info","message":{"duration":"17ms","ip":"::1","method":"GET","status":304,"url":"/api/v1/campaigns?page=1&limit=10"},"service":"phishguard-backend","timestamp":"2026-04-06 18:53:51"}
{"level":"info","message":{"duration":"26ms","ip":"::1","method":"GET","status":304,"url":"/api/v1/analytics/trend?days=90"},"service":"phishguard-backend","timestamp":"2026-04-06 18:53:56"}
{"level":"info","message":{"duration":"21ms","ip":"::1","method":"GET","status":304,"url":"/api/v1/analytics/template-performance"},"service":"phishguard-backend","timestamp":"2026-04-06 18:53:56"}
{"level":"info","message":{"duration":"48ms","ip":"::1","method":"GET","status":304,"url":"/api/v1/analytics/overview"},"service":"phishguard-backend","timestamp":"2026-04-06 18:53:56"}
{"level":"info","message":{"duration":"98ms","ip":"::1","method":"GET","status":304,"url":"/api/v1/campaigns?limit=5"},"service":"phishguard-backend","timestamp":"2026-04-06 18:53:56"}
{"level":"info","message":{"duration":"75ms","ip":"::1","method":"GET","status":304,"url":"/api/v1/analytics/trend?days=90"},"service":"phishguard-backend","timestamp":"2026-04-06 18:53:56"}
{"level":"info","message":{"duration":"69ms","ip":"::1","method":"GET","status":304,"url":"/api/v1/analytics/template-performance"},"service":"phishguard-backend","timestamp":"2026-04-06 18:53:56"}
{"level":"info","message":{"duration":"90ms","ip":"::1","method":"GET","status":304,"url":"/api/v1/campaigns?limit=5"},"service":"phishguard-backend","timestamp":"2026-04-06 18:53:56"}
{"level":"info","message":{"duration":"133ms","ip":"::1","method":"GET","status":304,"url":"/api/v1/analytics/overview"},"service":"phishguard-backend","timestamp":"2026-04-06 18:53:56"}
{"level":"info","message":{"duration":"21ms","ip":"::1","method":"GET","status":304,"url":"/api/v1/users?page=1&limit=10&role=USER"},"service":"phishguard-backend","timestamp":"2026-04-06 18:53:59"}
{"level":"info","message":{"duration":"28ms","ip":"::1","method":"GET","status":200,"url":"/api/v1/analytics/risk-assessment"},"service":"phishguard-backend","timestamp":"2026-04-06 18:53:59"}
{"level":"info","message":{"duration":"13ms","ip":"::1","method":"GET","status":304,"url":"/api/v1/users?page=1&limit=10&role=USER"},"service":"phishguard-backend","timestamp":"2026-04-06 18:53:59"}
{"level":"info","message":{"duration":"14ms","ip":"::1","method":"GET","status":304,"url":"/api/v1/analytics/risk-assessment"},"service":"phishguard-backend","timestamp":"2026-04-06 18:53:59"}
{"level":"info","message":{"duration":"16ms","ip":"::1","method":"GET","status":304,"url":"/api/v1/analytics/template-performance"},"service":"phishguard-backend","timestamp":"2026-04-06 18:54:11"}
{"level":"info","message":{"duration":"26ms","ip":"::1","method":"GET","status":304,"url":"/api/v1/analytics/trend?days=90"},"service":"phishguard-backend","timestamp":"2026-04-06 18:54:11"}
{"level":"info","message":{"duration":"27ms","ip":"::1","method":"GET","status":304,"url":"/api/v1/campaigns?limit=5"},"service":"phishguard-backend","timestamp":"2026-04-06 18:54:11"}
{"level":"info","message":{"duration":"42ms","ip":"::1","method":"GET","status":304,"url":"/api/v1/analytics/overview"},"service":"phishguard-backend","timestamp":"2026-04-06 18:54:11"}
{"level":"info","message":{"duration":"17ms","ip":"::1","method":"GET","status":304,"url":"/api/v1/analytics/template-performance"},"service":"phishguard-backend","timestamp":"2026-04-06 18:54:11"}
{"level":"info","message":{"duration":"28ms","ip":"::1","method":"GET","status":304,"url":"/api/v1/analytics/trend?days=90"},"service":"phishguard-backend","timestamp":"2026-04-06 18:54:11"}
{"level":"info","message":{"duration":"35ms","ip":"::1","method":"GET","status":304,"url":"/api/v1/campaigns?limit=5"},"service":"phishguard-backend","timestamp":"2026-04-06 18:54:11"}
{"level":"info","message":{"duration":"86ms","ip":"::1","method":"GET","status":304,"url":"/api/v1/analytics/overview"},"service":"phishguard-backend","timestamp":"2026-04-06 18:54:11"}
{"level":"info","message":{"duration":"33ms","ip":"::1","method":"GET","status":200,"url":"/api/v1/analytics/trend?days=180"},"service":"phishguard-backend","timestamp":"2026-04-06 18:54:15"}
{"level":"info","message":{"duration":"71ms","ip":"::1","method":"GET","status":200,"url":"/api/v1/analytics/department"},"service":"phishguard-backend","timestamp":"2026-04-06 18:54:15"}
{"level":"info","message":{"duration":"83ms","ip":"::1","method":"GET","status":304,"url":"/api/v1/analytics/risk-assessment"},"service":"phishguard-backend","timestamp":"2026-04-06 18:54:15"}
{"level":"info","message":{"duration":"178ms","ip":"::1","method":"GET","status":304,"url":"/api/v1/analytics/overview"},"service":"phishguard-backend","timestamp":"2026-04-06 18:54:15"}
{"level":"info","message":{"duration":"51ms","ip":"::1","method":"GET","status":304,"url":"/api/v1/analytics/department"},"service":"phishguard-backend","timestamp":"2026-04-06 18:54:15"}
{"level":"info","message":{"duration":"65ms","ip":"::1","method":"GET","status":304,"url":"/api/v1/analytics/risk-assessment"},"service":"phishguard-backend","timestamp":"2026-04-06 18:54:15"}
{"level":"info","message":{"duration":"169ms","ip":"::1","method":"GET","status":304,"url":"/api/v1/analytics/trend?days=180"},"service":"phishguard-backend","timestamp":"2026-04-06 18:54:15"}
{"level":"info","message":{"duration":"97ms","ip":"::1","method":"GET","status":304,"url":"/api/v1/analytics/overview"},"service":"phishguard-backend","timestamp":"2026-04-06 18:54:15"}
{"level":"info","message":{"duration":"47ms","ip":"::1","method":"GET","status":304,"url":"/api/v1/analytics/trend?days=90"},"service":"phishguard-backend","timestamp":"2026-04-06 18:55:34"}
{"level":"info","message":{"duration":"38ms","ip":"::1","method":"GET","status":304,"url":"/api/v1/analytics/template-performance"},"service":"phishguard-backend","timestamp":"2026-04-06 18:55:34"}
{"level":"info","message":{"duration":"68ms","ip":"::1","method":"GET","status":304,"url":"/api/v1/analytics/overview"},"service":"phishguard-backend","timestamp":"2026-04-06 18:55:34"}
{"level":"info","message":{"duration":"66ms","ip":"::1","method":"GET","status":304,"url":"/api/v1/campaigns?limit=5"},"service":"phishguard-backend","timestamp":"2026-04-06 18:55:34"}
{"level":"info","message":{"duration":"75ms","ip":"::1","method":"GET","status":304,"url":"/api/v1/analytics/trend?days=90"},"service":"phishguard-backend","timestamp":"2026-04-06 18:55:34"}
{"level":"info","message":{"duration":"80ms","ip":"::1","method":"GET","status":304,"url":"/api/v1/analytics/template-performance"},"service":"phishguard-backend","timestamp":"2026-04-06 18:55:34"}
{"level":"info","message":{"duration":"46ms","ip":"::1","method":"GET","status":304,"url":"/api/v1/campaigns?limit=5"},"service":"phishguard-backend","timestamp":"2026-04-06 18:55:34"}
{"level":"info","message":{"duration":"93ms","ip":"::1","method":"GET","status":304,"url":"/api/v1/analytics/overview"},"service":"phishguard-backend","timestamp":"2026-04-06 18:55:34"}
{"level":"info","message":"User logged out: 0d4cebbe-6aaa-4f9c-ae77-5794d01f4556","service":"phishguard-backend","timestamp":"2026-04-06 18:55:52"}
{"level":"info","message":{"duration":"9ms","ip":"::1","method":"POST","status":200,"url":"/api/v1/auth/logout"},"service":"phishguard-backend","timestamp":"2026-04-06 18:55:52"}
{"level":"info","message":"✓ Database connected successfully","service":"phishguard-backend","timestamp":"2026-04-08 19:34:45"}
{"level":"info","message":"🚀 ============================================","service":"phishguard-backend","timestamp":"2026-04-08 19:34:45"}
{"level":"info","message":"🚀 Server started successfully!","service":"phishguard-backend","timestamp":"2026-04-08 19:34:45"}
{"level":"info","message":"🚀 Environment: development","service":"phishguard-backend","timestamp":"2026-04-08 19:34:45"}
{"level":"info","message":"🚀 Port: 3001","service":"phishguard-backend","timestamp":"2026-04-08 19:34:45"}
{"level":"info","message":"🚀 API Version: v1","service":"phishguard-backend","timestamp":"2026-04-08 19:34:45"}
{"level":"info","message":"🚀 Health Check: http://localhost:3001/health","service":"phishguard-backend","timestamp":"2026-04-08 19:34:45"}
{"level":"info","message":"🚀 API Base URL: http://localhost:3001/api/v1","service":"phishguard-backend","timestamp":"2026-04-08 19:34:45"}
{"level":"info","message":"🚀 ============================================","service":"phishguard-backend","timestamp":"2026-04-08 19:34:45"}
{"level":"info","message":"User logged in: admin@democorp.com","service":"phishguard-backend","timestamp":"2026-04-08 19:34:59"}
{"level":"info","message":{"duration":"581ms","ip":"::1","method":"POST","status":200,"url":"/api/v1/auth/login"},"service":"phishguard-backend","timestamp":"2026-04-08 19:34:59"}
{"level":"info","message":{"duration":"68ms","ip":"::1","method":"GET","status":304,"url":"/api/v1/analytics/template-performance"},"service":"phishguard-backend","timestamp":"2026-04-08 19:34:59"}
{"level":"info","message":{"duration":"101ms","ip":"::1","method":"GET","status":304,"url":"/api/v1/analytics/template-performance"},"service":"phishguard-backend","timestamp":"2026-04-08 19:35:00"}
{"level":"info","message":{"duration":"770ms","ip":"::1","method":"GET","status":304,"url":"/api/v1/analytics/overview"},"service":"phishguard-backend","timestamp":"2026-04-08 19:35:00"}
{"level":"info","message":{"duration":"803ms","ip":"::1","method":"GET","status":304,"url":"/api/v1/campaigns?limit=5"},"service":"phishguard-backend","timestamp":"2026-04-08 19:35:00"}
{"level":"info","message":{"duration":"898ms","ip":"::1","method":"GET","status":304,"url":"/api/v1/analytics/trend?days=90"},"service":"phishguard-backend","timestamp":"2026-04-08 19:35:00"}
{"level":"info","message":{"duration":"28ms","ip":"::1","method":"GET","status":304,"url":"/api/v1/analytics/trend?days=90"},"service":"phishguard-backend","timestamp":"2026-04-08 19:35:00"}
{"level":"info","message":{"duration":"221ms","ip":"::1","method":"GET","status":304,"url":"/api/v1/analytics/overview"},"service":"phishguard-backend","timestamp":"2026-04-08 19:35:00"}
{"level":"info","message":{"duration":"114ms","ip":"::1","method":"GET","status":304,"url":"/api/v1/campaigns?limit=5"},"service":"phishguard-backend","timestamp":"2026-04-08 19:35:00"}
{"level":"info","message":"User logged out: 0d4cebbe-6aaa-4f9c-ae77-5794d01f4556","service":"phishguard-backend","timestamp":"2026-04-08 19:35:19"}
{"level":"info","message":{"duration":"60ms","ip":"::1","method":"POST","status":200,"url":"/api/v1/auth/logout"},"service":"phishguard-backend","timestamp":"2026-04-08 19:35:19"}
{"level":"info","message":"User registered: avane@avane.tech","service":"phishguard-backend","timestamp":"2026-04-08 19:36:16"}
{"level":"info","message":{"duration":"637ms","ip":"::1","method":"POST","status":201,"url":"/api/v1/auth/register"},"service":"phishguard-backend","timestamp":"2026-04-08 19:36:16"}
{"level":"info","message":{"duration":"33ms","ip":"::1","method":"GET","status":200,"url":"/api/v1/users/4d848074-05af-4707-812c-3ae5417292bc/performance"},"service":"phishguard-backend","timestamp":"2026-04-08 19:36:17"}
{"level":"info","message":{"duration":"21ms","ip":"::1","method":"GET","status":200,"url":"/api/v1/quizzes/attempts"},"service":"phishguard-backend","timestamp":"2026-04-08 19:36:17"}
{"level":"info","message":{"duration":"17ms","ip":"::1","method":"GET","status":304,"url":"/api/v1/users/4d848074-05af-4707-812c-3ae5417292bc/performance"},"service":"phishguard-backend","timestamp":"2026-04-08 19:36:17"}
{"level":"info","message":{"duration":"15ms","ip":"::1","method":"GET","status":304,"url":"/api/v1/quizzes/attempts"},"service":"phishguard-backend","timestamp":"2026-04-08 19:36:17"}
{"level":"info","message":{"duration":"13ms","ip":"::1","method":"GET","status":304,"url":"/api/v1/quizzes/attempts"},"service":"phishguard-backend","timestamp":"2026-04-08 19:36:35"}
{"level":"info","message":{"duration":"36ms","ip":"::1","method":"GET","status":304,"url":"/api/v1/users/4d848074-05af-4707-812c-3ae5417292bc/performance"},"service":"phishguard-backend","timestamp":"2026-04-08 19:36:35"}
{"level":"info","message":{"duration":"8ms","ip":"::1","method":"GET","status":304,"url":"/api/v1/quizzes/attempts"},"service":"phishguard-backend","timestamp":"2026-04-08 19:36:35"}
{"level":"info","message":{"duration":"19ms","ip":"::1","method":"GET","status":304,"url":"/api/v1/users/4d848074-05af-4707-812c-3ae5417292bc/performance"},"service":"phishguard-backend","timestamp":"2026-04-08 19:36:35"}
{"level":"info","message":{"duration":"8ms","ip":"::1","method":"GET","status":304,"url":"/api/v1/quizzes/attempts"},"service":"phishguard-backend","timestamp":"2026-04-08 19:36:41"}
{"level":"info","message":{"duration":"24ms","ip":"::1","method":"GET","status":304,"url":"/api/v1/users/4d848074-05af-4707-812c-3ae5417292bc/performance"},"service":"phishguard-backend","timestamp":"2026-04-08 19:36:41"}
{"level":"info","message":{"duration":"7ms","ip":"::1","method":"GET","status":304,"url":"/api/v1/quizzes/attempts"},"service":"phishguard-backend","timestamp":"2026-04-08 19:36:41"}
{"level":"info","message":{"duration":"9ms","ip":"::1","method":"GET","status":304,"url":"/api/v1/users/4d848074-05af-4707-812c-3ae5417292bc/performance"},"service":"phishguard-backend","timestamp":"2026-04-08 19:36:41"}
{"level":"info","message":"User logged out: 4d848074-05af-4707-812c-3ae5417292bc","service":"phishguard-backend","timestamp":"2026-04-08 19:36:43"}
{"level":"info","message":{"duration":"7ms","ip":"::1","method":"POST","status":200,"url":"/api/v1/auth/logout"},"service":"phishguard-backend","timestamp":"2026-04-08 19:36:43"}
{"ip":"::1","level":"error","message":"Email already registered","method":"POST","service":"phishguard-backend","stack":"Error: Email already registered\n    at Object.register (C:\\Users\\PC\\Desktop\\Software Files\\Project\\PhishGuardBackend_App\\src\\services\\auth.service.ts:13:13)\n    at async <anonymous> (C:\\Users\\PC\\Desktop\\Software Files\\Project\\PhishGuardBackend_App\\src\\controllers\\auth.controller.ts:9:30)","timestamp":"2026-04-08 19:37:43","url":"/api/v1/auth/register","userAgent":"Mozilla/5.0 (Windows NT 10.0; Win64; x64) AppleWebKit/537.36 (KHTML, like Gecko) Chrome/146.0.0.0 Safari/537.36"}
{"level":"info","message":{"duration":"9ms","ip":"::1","method":"POST","status":409,"url":"/api/v1/auth/register"},"service":"phishguard-backend","timestamp":"2026-04-08 19:37:43"}
{"level":"info","message":"User registered: admin@homxe.com","service":"phishguard-backend","timestamp":"2026-04-08 19:38:15"}
{"level":"info","message":{"duration":"523ms","ip":"::1","method":"POST","status":201,"url":"/api/v1/auth/register"},"service":"phishguard-backend","timestamp":"2026-04-08 19:38:15"}
{"level":"info","message":{"duration":"21ms","ip":"::1","method":"GET","status":200,"url":"/api/v1/campaigns?limit=5"},"service":"phishguard-backend","timestamp":"2026-04-08 19:38:16"}
{"level":"info","message":{"duration":"33ms","ip":"::1","method":"GET","status":200,"url":"/api/v1/analytics/template-performance"},"service":"phishguard-backend","timestamp":"2026-04-08 19:38:16"}
{"level":"info","message":{"duration":"46ms","ip":"::1","method":"GET","status":200,"url":"/api/v1/analytics/trend?days=90"},"service":"phishguard-backend","timestamp":"2026-04-08 19:38:16"}
{"level":"info","message":{"duration":"62ms","ip":"::1","method":"GET","status":200,"url":"/api/v1/analytics/overview"},"service":"phishguard-backend","timestamp":"2026-04-08 19:38:16"}
{"level":"info","message":{"duration":"16ms","ip":"::1","method":"GET","status":304,"url":"/api/v1/campaigns?limit=5"},"service":"phishguard-backend","timestamp":"2026-04-08 19:38:16"}
{"level":"info","message":{"duration":"48ms","ip":"::1","method":"GET","status":304,"url":"/api/v1/analytics/template-performance"},"service":"phishguard-backend","timestamp":"2026-04-08 19:38:16"}
{"level":"info","message":{"duration":"19ms","ip":"::1","method":"GET","status":304,"url":"/api/v1/analytics/trend?days=90"},"service":"phishguard-backend","timestamp":"2026-04-08 19:38:16"}
{"level":"info","message":{"duration":"32ms","ip":"::1","method":"GET","status":304,"url":"/api/v1/analytics/overview"},"service":"phishguard-backend","timestamp":"2026-04-08 19:38:16"}
{"level":"info","message":"User logged out: 616fe9fc-e443-4751-be60-3d695a7c6e0d","service":"phishguard-backend","timestamp":"2026-04-08 19:51:19"}
{"level":"info","message":{"duration":"321ms","ip":"::1","method":"POST","status":200,"url":"/api/v1/auth/logout"},"service":"phishguard-backend","timestamp":"2026-04-08 19:51:19"}
{"level":"info","message":"User logged in: admin@democorp.com","service":"phishguard-backend","timestamp":"2026-04-08 19:51:36"}
{"level":"info","message":{"duration":"537ms","ip":"::1","method":"POST","status":200,"url":"/api/v1/auth/login"},"service":"phishguard-backend","timestamp":"2026-04-08 19:51:36"}
{"level":"info","message":{"duration":"35ms","ip":"::1","method":"GET","status":200,"url":"/api/v1/analytics/trend?days=90"},"service":"phishguard-backend","timestamp":"2026-04-08 19:51:36"}
{"level":"info","message":{"duration":"40ms","ip":"::1","method":"GET","status":200,"url":"/api/v1/analytics/template-performance"},"service":"phishguard-backend","timestamp":"2026-04-08 19:51:36"}
{"level":"info","message":{"duration":"49ms","ip":"::1","method":"GET","status":200,"url":"/api/v1/campaigns?limit=5"},"service":"phishguard-backend","timestamp":"2026-04-08 19:51:36"}
{"level":"info","message":{"duration":"15ms","ip":"::1","method":"GET","status":304,"url":"/api/v1/analytics/trend?days=90"},"service":"phishguard-backend","timestamp":"2026-04-08 19:51:36"}
{"level":"info","message":{"duration":"28ms","ip":"::1","method":"GET","status":304,"url":"/api/v1/analytics/template-performance"},"service":"phishguard-backend","timestamp":"2026-04-08 19:51:37"}
{"level":"info","message":{"duration":"32ms","ip":"::1","method":"GET","status":304,"url":"/api/v1/campaigns?limit=5"},"service":"phishguard-backend","timestamp":"2026-04-08 19:51:37"}
{"level":"info","message":{"duration":"269ms","ip":"::1","method":"GET","status":200,"url":"/api/v1/analytics/overview"},"service":"phishguard-backend","timestamp":"2026-04-08 19:51:37"}
{"level":"info","message":{"duration":"33ms","ip":"::1","method":"GET","status":304,"url":"/api/v1/analytics/overview"},"service":"phishguard-backend","timestamp":"2026-04-08 19:51:37"}
{"level":"info","message":{"duration":"15ms","ip":"::1","method":"GET","status":304,"url":"/api/v1/analytics/template-performance"},"service":"phishguard-backend","timestamp":"2026-04-08 19:51:51"}
{"level":"info","message":{"duration":"46ms","ip":"::1","method":"GET","status":304,"url":"/api/v1/analytics/overview"},"service":"phishguard-backend","timestamp":"2026-04-08 19:51:51"}
{"level":"info","message":{"duration":"45ms","ip":"::1","method":"GET","status":304,"url":"/api/v1/analytics/trend?days=180"},"service":"phishguard-backend","timestamp":"2026-04-08 19:51:51"}
{"level":"info","message":{"duration":"43ms","ip":"::1","method":"GET","status":304,"url":"/api/v1/analytics/template-performance"},"service":"phishguard-backend","timestamp":"2026-04-08 19:51:51"}
{"level":"info","message":{"duration":"57ms","ip":"::1","method":"GET","status":304,"url":"/api/v1/analytics/department"},"service":"phishguard-backend","timestamp":"2026-04-08 19:51:51"}
{"level":"info","message":{"duration":"43ms","ip":"::1","method":"GET","status":304,"url":"/api/v1/analytics/risk-assessment"},"service":"phishguard-backend","timestamp":"2026-04-08 19:51:51"}
{"level":"info","message":{"duration":"52ms","ip":"::1","method":"GET","status":304,"url":"/api/v1/analytics/trend?days=180"},"service":"phishguard-backend","timestamp":"2026-04-08 19:51:51"}
{"level":"info","message":{"duration":"102ms","ip":"::1","method":"GET","status":304,"url":"/api/v1/analytics/overview"},"service":"phishguard-backend","timestamp":"2026-04-08 19:51:51"}
{"level":"info","message":{"duration":"63ms","ip":"::1","method":"GET","status":304,"url":"/api/v1/analytics/department"},"service":"phishguard-backend","timestamp":"2026-04-08 19:51:51"}
{"level":"info","message":{"duration":"57ms","ip":"::1","method":"GET","status":304,"url":"/api/v1/analytics/risk-assessment"},"service":"phishguard-backend","timestamp":"2026-04-08 19:51:51"}
{"level":"info","message":{"duration":"311ms","ip":"::1","method":"GET","status":200,"url":"/api/v1/auth/me"},"service":"phishguard-backend","timestamp":"2026-04-08 20:01:40"}
{"level":"info","message":{"duration":"36ms","ip":"::1","method":"GET","status":304,"url":"/api/v1/analytics/department"},"service":"phishguard-backend","timestamp":"2026-04-08 20:01:40"}
{"level":"info","message":{"duration":"69ms","ip":"::1","method":"GET","status":304,"url":"/api/v1/analytics/risk-assessment"},"service":"phishguard-backend","timestamp":"2026-04-08 20:01:40"}
{"level":"info","message":{"duration":"95ms","ip":"::1","method":"GET","status":304,"url":"/api/v1/analytics/template-performance"},"service":"phishguard-backend","timestamp":"2026-04-08 20:01:40"}
{"level":"info","message":{"duration":"128ms","ip":"::1","method":"GET","status":304,"url":"/api/v1/analytics/trend?days=180"},"service":"phishguard-backend","timestamp":"2026-04-08 20:01:40"}
{"level":"info","message":{"duration":"35ms","ip":"::1","method":"GET","status":304,"url":"/api/v1/analytics/department"},"service":"phishguard-backend","timestamp":"2026-04-08 20:01:40"}
{"level":"info","message":{"duration":"47ms","ip":"::1","method":"GET","status":304,"url":"/api/v1/analytics/risk-assessment"},"service":"phishguard-backend","timestamp":"2026-04-08 20:01:40"}
{"level":"info","message":{"duration":"98ms","ip":"::1","method":"GET","status":304,"url":"/api/v1/analytics/template-performance"},"service":"phishguard-backend","timestamp":"2026-04-08 20:01:40"}
{"level":"info","message":{"duration":"117ms","ip":"::1","method":"GET","status":304,"url":"/api/v1/analytics/trend?days=180"},"service":"phishguard-backend","timestamp":"2026-04-08 20:01:40"}
{"level":"info","message":{"duration":"495ms","ip":"::1","method":"GET","status":304,"url":"/api/v1/analytics/overview"},"service":"phishguard-backend","timestamp":"2026-04-08 20:01:40"}
{"level":"info","message":{"duration":"23ms","ip":"::1","method":"GET","status":304,"url":"/api/v1/analytics/overview"},"service":"phishguard-backend","timestamp":"2026-04-08 20:01:40"}
{"level":"info","message":{"duration":"46ms","ip":"::1","method":"GET","status":304,"url":"/api/v1/templates?limit=50"},"service":"phishguard-backend","timestamp":"2026-04-08 20:02:02"}
{"level":"info","message":{"duration":"12ms","ip":"::1","method":"GET","status":304,"url":"/api/v1/templates?limit=50"},"service":"phishguard-backend","timestamp":"2026-04-08 20:02:03"}
{"level":"info","message":{"duration":"31ms","ip":"::1","method":"GET","status":304,"url":"/api/v1/analytics/risk-assessment"},"service":"phishguard-backend","timestamp":"2026-04-08 20:02:10"}
{"level":"info","message":{"duration":"16ms","ip":"::1","method":"GET","status":304,"url":"/api/v1/analytics/risk-assessment"},"service":"phishguard-backend","timestamp":"2026-04-08 20:02:10"}
{"level":"info","message":{"duration":"53ms","ip":"::1","method":"GET","status":200,"url":"/api/v1/users?page=1&limit=10&role=USER"},"service":"phishguard-backend","timestamp":"2026-04-08 20:02:11"}
{"level":"info","message":{"duration":"8ms","ip":"::1","method":"GET","status":304,"url":"/api/v1/users?page=1&limit=10&role=USER"},"service":"phishguard-backend","timestamp":"2026-04-08 20:02:11"}
{"level":"info","message":{"duration":"14ms","ip":"::1","method":"GET","status":304,"url":"/api/v1/campaigns?page=1&limit=10"},"service":"phishguard-backend","timestamp":"2026-04-08 20:02:35"}
{"level":"info","message":{"duration":"16ms","ip":"::1","method":"GET","status":304,"url":"/api/v1/campaigns?page=1&limit=10"},"service":"phishguard-backend","timestamp":"2026-04-08 20:02:35"}
{"level":"info","message":{"duration":"15ms","ip":"::1","method":"GET","status":304,"url":"/api/v1/campaigns?limit=5"},"service":"phishguard-backend","timestamp":"2026-04-08 20:02:39"}
{"level":"info","message":{"duration":"35ms","ip":"::1","method":"GET","status":304,"url":"/api/v1/analytics/overview"},"service":"phishguard-backend","timestamp":"2026-04-08 20:02:39"}
{"level":"info","message":{"duration":"17ms","ip":"::1","method":"GET","status":304,"url":"/api/v1/analytics/trend?days=90"},"service":"phishguard-backend","timestamp":"2026-04-08 20:02:39"}
{"level":"info","message":{"duration":"36ms","ip":"::1","method":"GET","status":304,"url":"/api/v1/analytics/template-performance"},"service":"phishguard-backend","timestamp":"2026-04-08 20:02:39"}
{"level":"info","message":{"duration":"44ms","ip":"::1","method":"GET","status":304,"url":"/api/v1/campaigns?limit=5"},"service":"phishguard-backend","timestamp":"2026-04-08 20:02:39"}
{"level":"info","message":{"duration":"24ms","ip":"::1","method":"GET","status":304,"url":"/api/v1/analytics/trend?days=90"},"service":"phishguard-backend","timestamp":"2026-04-08 20:02:39"}
{"level":"info","message":{"duration":"74ms","ip":"::1","method":"GET","status":304,"url":"/api/v1/analytics/template-performance"},"service":"phishguard-backend","timestamp":"2026-04-08 20:02:39"}
{"level":"info","message":{"duration":"126ms","ip":"::1","method":"GET","status":304,"url":"/api/v1/analytics/overview"},"service":"phishguard-backend","timestamp":"2026-04-08 20:02:39"}
{"level":"info","message":"✓ Database connected successfully","service":"phishguard-backend","timestamp":"2026-04-08 20:30:02"}
{"level":"info","message":"🚀 ============================================","service":"phishguard-backend","timestamp":"2026-04-08 20:30:02"}
{"level":"info","message":"🚀 Server started successfully!","service":"phishguard-backend","timestamp":"2026-04-08 20:30:02"}
{"level":"info","message":"🚀 Environment: development","service":"phishguard-backend","timestamp":"2026-04-08 20:30:02"}
{"level":"info","message":"🚀 Port: 3001","service":"phishguard-backend","timestamp":"2026-04-08 20:30:02"}
{"level":"info","message":"🚀 API Version: v1","service":"phishguard-backend","timestamp":"2026-04-08 20:30:02"}
{"level":"info","message":"🚀 Health Check: http://localhost:3001/health","service":"phishguard-backend","timestamp":"2026-04-08 20:30:02"}
{"level":"info","message":"🚀 API Base URL: http://localhost:3001/api/v1","service":"phishguard-backend","timestamp":"2026-04-08 20:30:02"}
{"level":"info","message":"🚀 ============================================","service":"phishguard-backend","timestamp":"2026-04-08 20:30:02"}
{"level":"info","message":{"duration":"607ms","ip":"::1","method":"GET","status":304,"url":"/api/v1/auth/me"},"service":"phishguard-backend","timestamp":"2026-04-08 20:44:38"}
{"level":"info","message":{"duration":"227ms","ip":"::1","method":"GET","status":304,"url":"/api/v1/analytics/overview"},"service":"phishguard-backend","timestamp":"2026-04-08 20:44:55"}
{"level":"info","message":{"duration":"899ms","ip":"::1","method":"GET","status":304,"url":"/api/v1/analytics/trend?days=90"},"service":"phishguard-backend","timestamp":"2026-04-08 20:44:56"}
{"level":"info","message":{"duration":"904ms","ip":"::1","method":"GET","status":304,"url":"/api/v1/analytics/template-performance"},"service":"phishguard-backend","timestamp":"2026-04-08 20:44:56"}
{"level":"info","message":{"duration":"10ms","ip":"::1","method":"GET","status":304,"url":"/api/v1/analytics/trend?days=90"},"service":"phishguard-backend","timestamp":"2026-04-08 20:44:56"}
{"level":"info","message":{"duration":"15ms","ip":"::1","method":"GET","status":304,"url":"/api/v1/analytics/template-performance"},"service":"phishguard-backend","timestamp":"2026-04-08 20:44:56"}
{"level":"info","message":{"duration":"1050ms","ip":"::1","method":"GET","status":304,"url":"/api/v1/campaigns?limit=5"},"service":"phishguard-backend","timestamp":"2026-04-08 20:44:56"}
{"level":"info","message":{"duration":"860ms","ip":"::1","method":"GET","status":304,"url":"/api/v1/analytics/overview"},"service":"phishguard-backend","timestamp":"2026-04-08 20:44:56"}
{"level":"info","message":{"duration":"30ms","ip":"::1","method":"GET","status":304,"url":"/api/v1/campaigns?limit=5"},"service":"phishguard-backend","timestamp":"2026-04-08 20:44:56"}
{"level":"info","message":{"duration":"289ms","ip":"::1","method":"GET","status":304,"url":"/api/v1/auth/me"},"service":"phishguard-backend","timestamp":"2026-04-08 21:15:12"}
{"level":"info","message":{"duration":"300ms","ip":"::1","method":"GET","status":304,"url":"/api/v1/analytics/trend?days=90"},"service":"phishguard-backend","timestamp":"2026-04-08 21:15:13"}
{"level":"info","message":{"duration":"312ms","ip":"::1","method":"GET","status":304,"url":"/api/v1/campaigns?limit=5"},"service":"phishguard-backend","timestamp":"2026-04-08 21:15:13"}
{"level":"info","message":{"duration":"25ms","ip":"::1","method":"GET","status":304,"url":"/api/v1/analytics/trend?days=90"},"service":"phishguard-backend","timestamp":"2026-04-08 21:15:13"}
{"level":"info","message":{"duration":"28ms","ip":"::1","method":"GET","status":304,"url":"/api/v1/campaigns?limit=5"},"service":"phishguard-backend","timestamp":"2026-04-08 21:15:13"}
{"level":"info","message":{"duration":"536ms","ip":"::1","method":"GET","status":304,"url":"/api/v1/analytics/template-performance"},"service":"phishguard-backend","timestamp":"2026-04-08 21:15:13"}
{"level":"info","message":{"duration":"565ms","ip":"::1","method":"GET","status":304,"url":"/api/v1/analytics/overview"},"service":"phishguard-backend","timestamp":"2026-04-08 21:15:13"}
{"level":"info","message":{"duration":"18ms","ip":"::1","method":"GET","status":304,"url":"/api/v1/analytics/template-performance"},"service":"phishguard-backend","timestamp":"2026-04-08 21:15:13"}
{"level":"info","message":{"duration":"47ms","ip":"::1","method":"GET","status":304,"url":"/api/v1/analytics/overview"},"service":"phishguard-backend","timestamp":"2026-04-08 21:15:13"}
{"level":"info","message":{"duration":"22ms","ip":"::1","method":"GET","status":304,"url":"/api/v1/templates?limit=50"},"service":"phishguard-backend","timestamp":"2026-04-08 21:15:21"}
{"level":"info","message":{"duration":"9ms","ip":"::1","method":"GET","status":304,"url":"/api/v1/templates?limit=50"},"service":"phishguard-backend","timestamp":"2026-04-08 21:15:21"}
{"level":"info","message":{"duration":"12ms","ip":"::1","method":"GET","status":304,"url":"/api/v1/templates/86f67270-c11e-4c98-92da-d786e4d0e831"},"service":"phishguard-backend","timestamp":"2026-04-08 21:15:33"}
{"level":"info","message":{"duration":"20ms","ip":"::1","method":"GET","status":304,"url":"/api/v1/templates?limit=50"},"service":"phishguard-backend","timestamp":"2026-04-08 21:16:34"}
{"level":"info","message":{"duration":"10ms","ip":"::1","method":"GET","status":304,"url":"/api/v1/templates?limit=50"},"service":"phishguard-backend","timestamp":"2026-04-08 21:16:34"}
{"level":"info","message":{"duration":"1423ms","ip":"::1","method":"POST","status":200,"url":"/api/v1/ai/analyze"},"service":"phishguard-backend","timestamp":"2026-04-08 21:16:39"}
{"level":"info","message":{"duration":"1689ms","ip":"::1","method":"POST","status":200,"url":"/api/v1/ai/analyze"},"service":"phishguard-backend","timestamp":"2026-04-08 21:16:39"}
{"level":"info","message":{"duration":"659ms","ip":"::1","method":"POST","status":200,"url":"/api/v1/ai/analyze"},"service":"phishguard-backend","timestamp":"2026-04-08 21:17:11"}
{"level":"info","message":{"duration":"557ms","ip":"::1","method":"POST","status":200,"url":"/api/v1/ai/analyze"},"service":"phishguard-backend","timestamp":"2026-04-08 21:17:32"}
{"level":"info","message":{"duration":"263ms","ip":"::1","method":"POST","status":200,"url":"/api/v1/ai/analyze"},"service":"phishguard-backend","timestamp":"2026-04-08 21:17:44"}
{"level":"info","message":{"duration":"222ms","ip":"::1","method":"POST","status":200,"url":"/api/v1/ai/analyze"},"service":"phishguard-backend","timestamp":"2026-04-08 21:18:16"}
{"level":"info","message":{"duration":"224ms","ip":"::1","method":"POST","status":200,"url":"/api/v1/ai/analyze"},"service":"phishguard-backend","timestamp":"2026-04-08 21:18:48"}
{"level":"info","message":{"duration":"8ms","ip":"::1","method":"GET","status":304,"url":"/api/v1/templates/86f67270-c11e-4c98-92da-d786e4d0e831"},"service":"phishguard-backend","timestamp":"2026-04-08 21:19:16"}
{"level":"info","message":{"duration":"273ms","ip":"::1","method":"GET","status":304,"url":"/api/v1/templates?limit=50"},"service":"phishguard-backend","timestamp":"2026-04-08 21:20:35"}
{"level":"info","message":{"duration":"16ms","ip":"::1","method":"GET","status":304,"url":"/api/v1/templates?limit=50"},"service":"phishguard-backend","timestamp":"2026-04-08 21:20:35"}
{"level":"info","message":{"duration":"356ms","ip":"::1","method":"POST","status":200,"url":"/api/v1/ai/analyze"},"service":"phishguard-backend","timestamp":"2026-04-08 21:20:35"}
{"level":"info","message":{"duration":"665ms","ip":"::1","method":"POST","status":200,"url":"/api/v1/ai/analyze"},"service":"phishguard-backend","timestamp":"2026-04-08 21:20:36"}
{"level":"info","message":{"duration":"1317ms","ip":"::1","method":"POST","status":200,"url":"/api/v1/ai/analyze"},"service":"phishguard-backend","timestamp":"2026-04-08 21:20:36"}
{"level":"info","message":{"duration":"1314ms","ip":"::1","method":"POST","status":200,"url":"/api/v1/ai/analyze"},"service":"phishguard-backend","timestamp":"2026-04-08 21:20:37"}
{"level":"info","message":{"duration":"1622ms","ip":"::1","method":"POST","status":200,"url":"/api/v1/ai/analyze"},"service":"phishguard-backend","timestamp":"2026-04-08 21:20:37"}
{"level":"info","message":{"duration":"2186ms","ip":"::1","method":"POST","status":200,"url":"/api/v1/ai/analyze"},"service":"phishguard-backend","timestamp":"2026-04-08 21:20:37"}
{"level":"info","message":{"duration":"1914ms","ip":"::1","method":"POST","status":200,"url":"/api/v1/ai/analyze"},"service":"phishguard-backend","timestamp":"2026-04-08 21:20:38"}
{"level":"info","message":{"duration":"2794ms","ip":"::1","method":"POST","status":200,"url":"/api/v1/ai/analyze"},"service":"phishguard-backend","timestamp":"2026-04-08 21:20:38"}
{"level":"info","message":{"duration":"1503ms","ip":"::1","method":"POST","status":200,"url":"/api/v1/ai/analyze"},"service":"phishguard-backend","timestamp":"2026-04-08 21:20:38"}
{"level":"info","message":{"duration":"1778ms","ip":"::1","method":"POST","status":200,"url":"/api/v1/ai/analyze"},"service":"phishguard-backend","timestamp":"2026-04-08 21:20:39"}
{"level":"info","message":{"duration":"1770ms","ip":"::1","method":"POST","status":200,"url":"/api/v1/ai/analyze"},"service":"phishguard-backend","timestamp":"2026-04-08 21:20:39"}
{"level":"info","message":{"duration":"1685ms","ip":"::1","method":"POST","status":200,"url":"/api/v1/ai/analyze"},"service":"phishguard-backend","timestamp":"2026-04-08 21:20:39"}
{"level":"info","message":{"duration":"1359ms","ip":"::1","method":"POST","status":200,"url":"/api/v1/ai/analyze"},"service":"phishguard-backend","timestamp":"2026-04-08 21:20:39"}
{"level":"info","message":{"duration":"1512ms","ip":"::1","method":"POST","status":200,"url":"/api/v1/ai/analyze"},"service":"phishguard-backend","timestamp":"2026-04-08 21:20:40"}
{"level":"info","message":{"duration":"1509ms","ip":"::1","method":"POST","status":200,"url":"/api/v1/ai/analyze"},"service":"phishguard-backend","timestamp":"2026-04-08 21:20:40"}
{"level":"info","message":{"duration":"1643ms","ip":"::1","method":"POST","status":200,"url":"/api/v1/ai/analyze"},"service":"phishguard-backend","timestamp":"2026-04-08 21:20:40"}
{"level":"info","message":{"duration":"1643ms","ip":"::1","method":"POST","status":200,"url":"/api/v1/ai/analyze"},"service":"phishguard-backend","timestamp":"2026-04-08 21:20:40"}
{"level":"info","message":{"duration":"1475ms","ip":"::1","method":"POST","status":200,"url":"/api/v1/ai/analyze"},"service":"phishguard-backend","timestamp":"2026-04-08 21:20:41"}
{"level":"info","message":{"duration":"28ms","ip":"::1","method":"GET","status":304,"url":"/api/v1/auth/me"},"service":"phishguard-backend","timestamp":"2026-04-08 21:21:33"}
{"level":"info","message":{"duration":"36ms","ip":"::1","method":"GET","status":200,"url":"/api/v1/users/0d4cebbe-6aaa-4f9c-ae77-5794d01f4556/performance"},"service":"phishguard-backend","timestamp":"2026-04-08 21:21:33"}
{"level":"info","message":{"duration":"17ms","ip":"::1","method":"GET","status":304,"url":"/api/v1/quizzes/attempts"},"service":"phishguard-backend","timestamp":"2026-04-08 21:21:33"}
{"level":"info","message":{"duration":"25ms","ip":"::1","method":"GET","status":304,"url":"/api/v1/users/0d4cebbe-6aaa-4f9c-ae77-5794d01f4556/performance"},"service":"phishguard-backend","timestamp":"2026-04-08 21:21:33"}
{"level":"info","message":{"duration":"11ms","ip":"::1","method":"GET","status":304,"url":"/api/v1/quizzes/attempts"},"service":"phishguard-backend","timestamp":"2026-04-08 21:21:33"}
{"level":"info","message":{"duration":"948ms","ip":"::1","method":"POST","status":200,"url":"/api/v1/ai/analyze"},"service":"phishguard-backend","timestamp":"2026-04-08 21:23:04"}
{"level":"info","message":{"duration":"547ms","ip":"::1","method":"POST","status":200,"url":"/api/v1/ai/analyze"},"service":"phishguard-backend","timestamp":"2026-04-08 21:25:23"}
{"level":"info","message":{"duration":"518ms","ip":"::1","method":"POST","status":200,"url":"/api/v1/ai/analyze"},"service":"phishguard-backend","timestamp":"2026-04-08 21:27:17"}
{"level":"info","message":{"duration":"344ms","ip":"::1","method":"POST","status":200,"url":"/api/v1/ai/analyze"},"service":"phishguard-backend","timestamp":"2026-04-08 21:29:58"}
{"level":"info","message":{"duration":"421ms","ip":"::1","method":"POST","status":200,"url":"/api/v1/ai/analyze"},"service":"phishguard-backend","timestamp":"2026-04-08 21:32:44"}
{"level":"info","message":{"duration":"709ms","ip":"::1","method":"POST","status":200,"url":"/api/v1/ai/analyze"},"service":"phishguard-backend","timestamp":"2026-04-08 21:47:32"}
{"level":"info","message":{"duration":"217ms","ip":"::1","method":"GET","status":304,"url":"/api/v1/users/0d4cebbe-6aaa-4f9c-ae77-5794d01f4556/performance"},"service":"phishguard-backend","timestamp":"2026-04-08 21:47:56"}
{"level":"info","message":{"duration":"12ms","ip":"::1","method":"GET","status":304,"url":"/api/v1/users/0d4cebbe-6aaa-4f9c-ae77-5794d01f4556/performance"},"service":"phishguard-backend","timestamp":"2026-04-08 21:47:56"}
{"level":"info","message":{"duration":"273ms","ip":"::1","method":"GET","status":304,"url":"/api/v1/quizzes/attempts"},"service":"phishguard-backend","timestamp":"2026-04-08 21:47:56"}
{"level":"info","message":{"duration":"9ms","ip":"::1","method":"GET","status":304,"url":"/api/v1/quizzes/attempts"},"service":"phishguard-backend","timestamp":"2026-04-08 21:47:56"}
{"ip":"::1","level":"error","message":"Campaign not found","method":"GET","service":"phishguard-backend","stack":"Error: Campaign not found\n    at Object.getById (C:\\Users\\PC\\Desktop\\Software Files\\Project\\PhishGuardBackend_App\\src\\services\\campaign.service.ts:97:13)\n    at async <anonymous> (C:\\Users\\PC\\Desktop\\Software Files\\Project\\PhishGuardBackend_App\\src\\controllers\\campaign.controller.ts:20:22)","timestamp":"2026-04-08 21:48:09","url":"/api/v1/campaigns/sample-campaign-1","userAgent":"Mozilla/5.0 (Windows NT 10.0; Win64; x64) AppleWebKit/537.36 (KHTML, like Gecko) Chrome/146.0.0.0 Safari/537.36"}
{"level":"info","message":{"duration":"71ms","ip":"::1","method":"GET","status":404,"url":"/api/v1/campaigns/sample-campaign-1"},"service":"phishguard-backend","timestamp":"2026-04-08 21:48:09"}
{"ip":"::1","level":"error","message":"Campaign not found","method":"GET","service":"phishguard-backend","stack":"Error: Campaign not found\n    at Object.getById (C:\\Users\\PC\\Desktop\\Software Files\\Project\\PhishGuardBackend_App\\src\\services\\campaign.service.ts:97:13)\n    at async <anonymous> (C:\\Users\\PC\\Desktop\\Software Files\\Project\\PhishGuardBackend_App\\src\\controllers\\campaign.controller.ts:20:22)","timestamp":"2026-04-08 21:48:09","url":"/api/v1/campaigns/sample-campaign-1","userAgent":"Mozilla/5.0 (Windows NT 10.0; Win64; x64) AppleWebKit/537.36 (KHTML, like Gecko) Chrome/146.0.0.0 Safari/537.36"}
{"level":"info","message":{"duration":"12ms","ip":"::1","method":"GET","status":404,"url":"/api/v1/campaigns/sample-campaign-1"},"service":"phishguard-backend","timestamp":"2026-04-08 21:48:09"}
{"level":"info","message":{"duration":"18ms","ip":"::1","method":"GET","status":304,"url":"/api/v1/quizzes/attempts"},"service":"phishguard-backend","timestamp":"2026-04-08 21:49:12"}
{"level":"info","message":{"duration":"30ms","ip":"::1","method":"GET","status":304,"url":"/api/v1/users/0d4cebbe-6aaa-4f9c-ae77-5794d01f4556/performance"},"service":"phishguard-backend","timestamp":"2026-04-08 21:49:12"}
{"level":"info","message":{"duration":"13ms","ip":"::1","method":"GET","status":304,"url":"/api/v1/quizzes/attempts"},"service":"phishguard-backend","timestamp":"2026-04-08 21:49:12"}
{"level":"info","message":{"duration":"17ms","ip":"::1","method":"GET","status":304,"url":"/api/v1/users/0d4cebbe-6aaa-4f9c-ae77-5794d01f4556/performance"},"service":"phishguard-backend","timestamp":"2026-04-08 21:49:12"}
{"level":"info","message":{"duration":"6ms","ip":"::1","method":"GET","status":304,"url":"/api/v1/auth/me"},"service":"phishguard-backend","timestamp":"2026-04-08 21:49:15"}
{"level":"info","message":{"duration":"9ms","ip":"::1","method":"GET","status":304,"url":"/api/v1/quizzes/attempts"},"service":"phishguard-backend","timestamp":"2026-04-08 21:49:15"}
{"level":"info","message":{"duration":"24ms","ip":"::1","method":"GET","status":304,"url":"/api/v1/users/0d4cebbe-6aaa-4f9c-ae77-5794d01f4556/performance"},"service":"phishguard-backend","timestamp":"2026-04-08 21:49:15"}
{"level":"info","message":{"duration":"16ms","ip":"::1","method":"GET","status":304,"url":"/api/v1/quizzes/attempts"},"service":"phishguard-backend","timestamp":"2026-04-08 21:49:15"}
{"level":"info","message":{"duration":"37ms","ip":"::1","method":"GET","status":304,"url":"/api/v1/users/0d4cebbe-6aaa-4f9c-ae77-5794d01f4556/performance"},"service":"phishguard-backend","timestamp":"2026-04-08 21:49:15"}
{"level":"info","message":"✓ Database connected successfully","service":"phishguard-backend","timestamp":"2026-04-12 11:33:44"}
{"level":"info","message":"🚀 ============================================","service":"phishguard-backend","timestamp":"2026-04-12 11:33:44"}
{"level":"info","message":"🚀 Server started successfully!","service":"phishguard-backend","timestamp":"2026-04-12 11:33:44"}
{"level":"info","message":"🚀 Environment: development","service":"phishguard-backend","timestamp":"2026-04-12 11:33:44"}
{"level":"info","message":"🚀 Port: 3001","service":"phishguard-backend","timestamp":"2026-04-12 11:33:44"}
{"level":"info","message":"🚀 API Version: v1","service":"phishguard-backend","timestamp":"2026-04-12 11:33:44"}
{"level":"info","message":"🚀 Health Check: http://localhost:3001/health","service":"phishguard-backend","timestamp":"2026-04-12 11:33:44"}
{"level":"info","message":"🚀 API Base URL: http://localhost:3001/api/v1","service":"phishguard-backend","timestamp":"2026-04-12 11:33:44"}
{"level":"info","message":"🚀 ============================================","service":"phishguard-backend","timestamp":"2026-04-12 11:33:44"}
{"level":"info","message":"✓ Database connected successfully","service":"phishguard-backend","timestamp":"2026-04-12 17:12:51"}
{"level":"info","message":"🚀 ============================================","service":"phishguard-backend","timestamp":"2026-04-12 17:12:51"}
{"level":"info","message":"🚀 Server started successfully!","service":"phishguard-backend","timestamp":"2026-04-12 17:12:51"}
{"level":"info","message":"🚀 Environment: development","service":"phishguard-backend","timestamp":"2026-04-12 17:12:51"}
{"level":"info","message":"🚀 Port: 3001","service":"phishguard-backend","timestamp":"2026-04-12 17:12:51"}
{"level":"info","message":"🚀 API Version: v1","service":"phishguard-backend","timestamp":"2026-04-12 17:12:51"}
{"level":"info","message":"🚀 Health Check: http://localhost:3001/health","service":"phishguard-backend","timestamp":"2026-04-12 17:12:51"}
{"level":"info","message":"🚀 API Base URL: http://localhost:3001/api/v1","service":"phishguard-backend","timestamp":"2026-04-12 17:12:51"}
{"level":"info","message":"🚀 ============================================","service":"phishguard-backend","timestamp":"2026-04-12 17:12:51"}
{"level":"info","message":{"duration":"1041ms","ip":"::1","method":"GET","status":304,"url":"/api/v1/auth/me"},"service":"phishguard-backend","timestamp":"2026-04-12 17:26:16"}
{"level":"info","message":{"duration":"1166ms","ip":"::1","method":"GET","status":304,"url":"/api/v1/analytics/trend?days=90"},"service":"phishguard-backend","timestamp":"2026-04-12 17:26:21"}
{"level":"info","message":{"duration":"1410ms","ip":"::1","method":"GET","status":304,"url":"/api/v1/campaigns?limit=5"},"service":"phishguard-backend","timestamp":"2026-04-12 17:26:22"}
{"level":"info","message":{"duration":"138ms","ip":"::1","method":"GET","status":304,"url":"/api/v1/analytics/trend?days=90"},"service":"phishguard-backend","timestamp":"2026-04-12 17:26:22"}
{"level":"info","message":{"duration":"1485ms","ip":"::1","method":"GET","status":304,"url":"/api/v1/analytics/overview"},"service":"phishguard-backend","timestamp":"2026-04-12 17:26:22"}
{"level":"info","message":{"duration":"125ms","ip":"::1","method":"GET","status":304,"url":"/api/v1/campaigns?limit=5"},"service":"phishguard-backend","timestamp":"2026-04-12 17:26:22"}
{"level":"info","message":{"duration":"191ms","ip":"::1","method":"GET","status":304,"url":"/api/v1/analytics/overview"},"service":"phishguard-backend","timestamp":"2026-04-12 17:26:22"}
{"level":"info","message":{"duration":"1870ms","ip":"::1","method":"GET","status":304,"url":"/api/v1/analytics/template-performance"},"service":"phishguard-backend","timestamp":"2026-04-12 17:26:22"}
{"level":"info","message":{"duration":"342ms","ip":"::1","method":"GET","status":304,"url":"/api/v1/analytics/template-performance"},"service":"phishguard-backend","timestamp":"2026-04-12 17:26:23"}
{"level":"info","message":"User logged out: 0d4cebbe-6aaa-4f9c-ae77-5794d01f4556","service":"phishguard-backend","timestamp":"2026-04-12 17:26:37"}
{"level":"info","message":{"duration":"227ms","ip":"::1","method":"POST","status":200,"url":"/api/v1/auth/logout"},"service":"phishguard-backend","timestamp":"2026-04-12 17:26:37"}
{"level":"info","message":"User logged in: admin@homxe.com","service":"phishguard-backend","timestamp":"2026-04-12 17:27:33"}
{"level":"info","message":{"duration":"2386ms","ip":"::1","method":"POST","status":200,"url":"/api/v1/auth/login"},"service":"phishguard-backend","timestamp":"2026-04-12 17:27:33"}
{"level":"info","message":{"duration":"23ms","ip":"::1","method":"GET","status":200,"url":"/api/v1/analytics/trend?days=90"},"service":"phishguard-backend","timestamp":"2026-04-12 17:27:34"}
{"level":"info","message":{"duration":"44ms","ip":"::1","method":"GET","status":200,"url":"/api/v1/campaigns?limit=5"},"service":"phishguard-backend","timestamp":"2026-04-12 17:27:34"}
{"level":"info","message":{"duration":"67ms","ip":"::1","method":"GET","status":200,"url":"/api/v1/analytics/template-performance"},"service":"phishguard-backend","timestamp":"2026-04-12 17:27:34"}
{"level":"info","message":{"duration":"171ms","ip":"::1","method":"GET","status":200,"url":"/api/v1/analytics/overview"},"service":"phishguard-backend","timestamp":"2026-04-12 17:27:34"}
{"level":"info","message":{"duration":"68ms","ip":"::1","method":"GET","status":304,"url":"/api/v1/analytics/trend?days=90"},"service":"phishguard-backend","timestamp":"2026-04-12 17:27:34"}
{"level":"info","message":{"duration":"82ms","ip":"::1","method":"GET","status":304,"url":"/api/v1/campaigns?limit=5"},"service":"phishguard-backend","timestamp":"2026-04-12 17:27:34"}
{"level":"info","message":{"duration":"179ms","ip":"::1","method":"GET","status":304,"url":"/api/v1/analytics/template-performance"},"service":"phishguard-backend","timestamp":"2026-04-12 17:27:34"}
{"level":"info","message":{"duration":"117ms","ip":"::1","method":"GET","status":304,"url":"/api/v1/analytics/overview"},"service":"phishguard-backend","timestamp":"2026-04-12 17:27:35"}
{"level":"info","message":{"duration":"19ms","ip":"::1","method":"GET","status":200,"url":"/api/v1/campaigns?page=1&limit=10"},"service":"phishguard-backend","timestamp":"2026-04-12 17:27:52"}
{"level":"info","message":{"duration":"14ms","ip":"::1","method":"GET","status":304,"url":"/api/v1/campaigns?page=1&limit=10"},"service":"phishguard-backend","timestamp":"2026-04-12 17:27:52"}
{"level":"info","message":{"duration":"45ms","ip":"::1","method":"GET","status":304,"url":"/api/v1/users?page=1&limit=10&role=USER"},"service":"phishguard-backend","timestamp":"2026-04-12 17:27:58"}
{"level":"info","message":{"duration":"36ms","ip":"::1","method":"GET","status":200,"url":"/api/v1/analytics/risk-assessment"},"service":"phishguard-backend","timestamp":"2026-04-12 17:27:58"}
{"level":"info","message":{"duration":"13ms","ip":"::1","method":"GET","status":304,"url":"/api/v1/users?page=1&limit=10&role=USER"},"service":"phishguard-backend","timestamp":"2026-04-12 17:27:58"}
{"level":"info","message":{"duration":"18ms","ip":"::1","method":"GET","status":304,"url":"/api/v1/analytics/risk-assessment"},"service":"phishguard-backend","timestamp":"2026-04-12 17:27:58"}
{"level":"info","message":{"duration":"19ms","ip":"::1","method":"GET","status":304,"url":"/api/v1/campaigns?page=1&limit=10"},"service":"phishguard-backend","timestamp":"2026-04-12 17:28:25"}
{"level":"info","message":{"duration":"12ms","ip":"::1","method":"GET","status":304,"url":"/api/v1/campaigns?page=1&limit=10"},"service":"phishguard-backend","timestamp":"2026-04-12 17:28:25"}
{"level":"info","message":{"duration":"14ms","ip":"::1","method":"GET","status":304,"url":"/api/v1/templates?limit=50"},"service":"phishguard-backend","timestamp":"2026-04-12 17:28:56"}
{"level":"info","message":{"duration":"7ms","ip":"::1","method":"GET","status":304,"url":"/api/v1/templates?limit=50"},"service":"phishguard-backend","timestamp":"2026-04-12 17:28:56"}
{"level":"info","message":{"duration":"2401ms","ip":"::1","method":"POST","status":200,"url":"/api/v1/ai/analyze"},"service":"phishguard-backend","timestamp":"2026-04-12 17:28:59"}
{"level":"info","message":{"duration":"3552ms","ip":"::1","method":"POST","status":200,"url":"/api/v1/ai/analyze"},"service":"phishguard-backend","timestamp":"2026-04-12 17:29:00"}
{"level":"info","message":{"duration":"3571ms","ip":"::1","method":"POST","status":200,"url":"/api/v1/ai/analyze"},"service":"phishguard-backend","timestamp":"2026-04-12 17:29:00"}
{"level":"info","message":{"duration":"3580ms","ip":"::1","method":"POST","status":200,"url":"/api/v1/ai/analyze"},"service":"phishguard-backend","timestamp":"2026-04-12 17:29:00"}
{"level":"info","message":{"duration":"6131ms","ip":"::1","method":"POST","status":200,"url":"/api/v1/ai/analyze"},"service":"phishguard-backend","timestamp":"2026-04-12 17:29:03"}
{"level":"info","message":{"duration":"4665ms","ip":"::1","method":"POST","status":200,"url":"/api/v1/ai/analyze"},"service":"phishguard-backend","timestamp":"2026-04-12 17:29:03"}
{"level":"info","message":{"duration":"6777ms","ip":"::1","method":"POST","status":200,"url":"/api/v1/ai/analyze"},"service":"phishguard-backend","timestamp":"2026-04-12 17:29:03"}
{"level":"info","message":{"duration":"5465ms","ip":"::1","method":"POST","status":200,"url":"/api/v1/ai/analyze"},"service":"phishguard-backend","timestamp":"2026-04-12 17:29:05"}
{"level":"info","message":{"duration":"5465ms","ip":"::1","method":"POST","status":200,"url":"/api/v1/ai/analyze"},"service":"phishguard-backend","timestamp":"2026-04-12 17:29:05"}
{"level":"info","message":{"duration":"5526ms","ip":"::1","method":"POST","status":200,"url":"/api/v1/ai/analyze"},"service":"phishguard-backend","timestamp":"2026-04-12 17:29:05"}
{"level":"info","message":{"duration":"3241ms","ip":"::1","method":"POST","status":200,"url":"/api/v1/ai/analyze"},"service":"phishguard-backend","timestamp":"2026-04-12 17:29:06"}
{"level":"info","message":{"duration":"3397ms","ip":"::1","method":"POST","status":200,"url":"/api/v1/ai/analyze"},"service":"phishguard-backend","timestamp":"2026-04-12 17:29:07"}
{"level":"info","message":{"duration":"3345ms","ip":"::1","method":"POST","status":200,"url":"/api/v1/ai/analyze"},"service":"phishguard-backend","timestamp":"2026-04-12 17:29:07"}
{"level":"info","message":{"duration":"2238ms","ip":"::1","method":"POST","status":200,"url":"/api/v1/ai/analyze"},"service":"phishguard-backend","timestamp":"2026-04-12 17:29:08"}
{"level":"info","message":{"duration":"2227ms","ip":"::1","method":"POST","status":200,"url":"/api/v1/ai/analyze"},"service":"phishguard-backend","timestamp":"2026-04-12 17:29:08"}
{"level":"info","message":{"duration":"2218ms","ip":"::1","method":"POST","status":200,"url":"/api/v1/ai/analyze"},"service":"phishguard-backend","timestamp":"2026-04-12 17:29:08"}
{"level":"info","message":{"duration":"2088ms","ip":"::1","method":"POST","status":200,"url":"/api/v1/ai/analyze"},"service":"phishguard-backend","timestamp":"2026-04-12 17:29:08"}
{"level":"info","message":{"duration":"1797ms","ip":"::1","method":"POST","status":200,"url":"/api/v1/ai/analyze"},"service":"phishguard-backend","timestamp":"2026-04-12 17:29:09"}
{"level":"info","message":{"duration":"240ms","ip":"::1","method":"GET","status":200,"url":"/api/v1/auth/me"},"service":"phishguard-backend","timestamp":"2026-04-12 17:32:55"}
{"level":"info","message":{"duration":"313ms","ip":"::1","method":"GET","status":304,"url":"/api/v1/templates?limit=50"},"service":"phishguard-backend","timestamp":"2026-04-12 17:33:10"}
{"level":"info","message":{"duration":"18ms","ip":"::1","method":"GET","status":304,"url":"/api/v1/templates?limit=50"},"service":"phishguard-backend","timestamp":"2026-04-12 17:33:10"}
{"level":"info","message":{"duration":"1165ms","ip":"::1","method":"POST","status":200,"url":"/api/v1/ai/analyze"},"service":"phishguard-backend","timestamp":"2026-04-12 17:33:12"}
{"level":"info","message":{"duration":"4908ms","ip":"::1","method":"POST","status":200,"url":"/api/v1/ai/analyze"},"service":"phishguard-backend","timestamp":"2026-04-12 17:33:16"}
{"level":"info","message":{"duration":"4911ms","ip":"::1","method":"POST","status":200,"url":"/api/v1/ai/analyze"},"service":"phishguard-backend","timestamp":"2026-04-12 17:33:16"}
{"level":"info","message":{"duration":"4907ms","ip":"::1","method":"POST","status":200,"url":"/api/v1/ai/analyze"},"service":"phishguard-backend","timestamp":"2026-04-12 17:33:16"}
{"level":"info","message":{"duration":"4944ms","ip":"::1","method":"POST","status":200,"url":"/api/v1/ai/analyze"},"service":"phishguard-backend","timestamp":"2026-04-12 17:33:16"}
{"level":"info","message":{"duration":"8340ms","ip":"::1","method":"POST","status":200,"url":"/api/v1/ai/analyze"},"service":"phishguard-backend","timestamp":"2026-04-12 17:33:19"}
{"level":"info","message":{"duration":"7280ms","ip":"::1","method":"POST","status":200,"url":"/api/v1/ai/analyze"},"service":"phishguard-backend","timestamp":"2026-04-12 17:33:19"}
{"level":"info","message":{"duration":"5339ms","ip":"::1","method":"POST","status":200,"url":"/api/v1/ai/analyze"},"service":"phishguard-backend","timestamp":"2026-04-12 17:33:21"}
{"level":"info","message":{"duration":"5367ms","ip":"::1","method":"POST","status":200,"url":"/api/v1/ai/analyze"},"service":"phishguard-backend","timestamp":"2026-04-12 17:33:21"}
{"level":"info","message":{"duration":"5378ms","ip":"::1","method":"POST","status":200,"url":"/api/v1/ai/analyze"},"service":"phishguard-backend","timestamp":"2026-04-12 17:33:21"}
{"level":"info","message":{"duration":"5373ms","ip":"::1","method":"POST","status":200,"url":"/api/v1/ai/analyze"},"service":"phishguard-backend","timestamp":"2026-04-12 17:33:21"}
{"level":"info","message":{"duration":"2667ms","ip":"::1","method":"POST","status":200,"url":"/api/v1/ai/analyze"},"service":"phishguard-backend","timestamp":"2026-04-12 17:33:22"}
{"level":"info","message":{"duration":"2715ms","ip":"::1","method":"POST","status":200,"url":"/api/v1/ai/analyze"},"service":"phishguard-backend","timestamp":"2026-04-12 17:33:22"}
{"level":"info","message":{"duration":"14ms","ip":"::1","method":"GET","status":304,"url":"/api/v1/templates/86f67270-c11e-4c98-92da-d786e4d0e831"},"service":"phishguard-backend","timestamp":"2026-04-12 17:33:22"}
{"level":"info","message":{"duration":"3617ms","ip":"::1","method":"POST","status":200,"url":"/api/v1/ai/analyze"},"service":"phishguard-backend","timestamp":"2026-04-12 17:33:25"}
{"level":"info","message":{"duration":"3634ms","ip":"::1","method":"POST","status":200,"url":"/api/v1/ai/analyze"},"service":"phishguard-backend","timestamp":"2026-04-12 17:33:25"}
{"level":"info","message":{"duration":"3665ms","ip":"::1","method":"POST","status":200,"url":"/api/v1/ai/analyze"},"service":"phishguard-backend","timestamp":"2026-04-12 17:33:25"}
{"level":"info","message":{"duration":"3715ms","ip":"::1","method":"POST","status":200,"url":"/api/v1/ai/analyze"},"service":"phishguard-backend","timestamp":"2026-04-12 17:33:25"}
{"level":"info","message":{"duration":"3473ms","ip":"::1","method":"POST","status":200,"url":"/api/v1/ai/analyze"},"service":"phishguard-backend","timestamp":"2026-04-12 17:33:25"}
{"level":"info","message":{"duration":"12ms","ip":"::1","method":"GET","status":200,"url":"/api/v1/templates/363ff7c1-27c7-4839-ae0a-dbef48703d34"},"service":"phishguard-backend","timestamp":"2026-04-12 17:33:32"}
{"level":"info","message":{"duration":"12ms","ip":"::1","method":"GET","status":304,"url":"/api/v1/templates/86f67270-c11e-4c98-92da-d786e4d0e831"},"service":"phishguard-backend","timestamp":"2026-04-12 17:33:51"}
{"level":"info","message":{"duration":"10ms","ip":"::1","method":"GET","status":304,"url":"/api/v1/auth/me"},"service":"phishguard-backend","timestamp":"2026-04-12 17:34:04"}
{"level":"info","message":{"duration":"45ms","ip":"::1","method":"GET","status":304,"url":"/api/v1/analytics/template-performance"},"service":"phishguard-backend","timestamp":"2026-04-12 17:34:10"}
{"level":"info","message":{"duration":"56ms","ip":"::1","method":"GET","status":304,"url":"/api/v1/campaigns?limit=5"},"service":"phishguard-backend","timestamp":"2026-04-12 17:34:10"}
{"level":"info","message":{"duration":"83ms","ip":"::1","method":"GET","status":304,"url":"/api/v1/analytics/trend?days=90"},"service":"phishguard-backend","timestamp":"2026-04-12 17:34:10"}
{"level":"info","message":{"duration":"30ms","ip":"::1","method":"GET","status":304,"url":"/api/v1/campaigns?limit=5"},"service":"phishguard-backend","timestamp":"2026-04-12 17:34:10"}
{"level":"info","message":{"duration":"49ms","ip":"::1","method":"GET","status":304,"url":"/api/v1/analytics/template-performance"},"service":"phishguard-backend","timestamp":"2026-04-12 17:34:10"}
{"level":"info","message":{"duration":"51ms","ip":"::1","method":"GET","status":304,"url":"/api/v1/analytics/trend?days=90"},"service":"phishguard-backend","timestamp":"2026-04-12 17:34:10"}
{"level":"info","message":{"duration":"1460ms","ip":"::1","method":"GET","status":304,"url":"/api/v1/analytics/overview"},"service":"phishguard-backend","timestamp":"2026-04-12 17:34:11"}
{"level":"info","message":{"duration":"51ms","ip":"::1","method":"GET","status":304,"url":"/api/v1/analytics/overview"},"service":"phishguard-backend","timestamp":"2026-04-12 17:34:11"}
{"level":"info","message":{"duration":"33ms","ip":"::1","method":"GET","status":304,"url":"/api/v1/campaigns?page=1&limit=10"},"service":"phishguard-backend","timestamp":"2026-04-12 17:34:19"}
{"level":"info","message":{"duration":"11ms","ip":"::1","method":"GET","status":304,"url":"/api/v1/campaigns?page=1&limit=10"},"service":"phishguard-backend","timestamp":"2026-04-12 17:34:19"}
{"level":"info","message":{"duration":"16ms","ip":"::1","method":"GET","status":304,"url":"/api/v1/analytics/risk-assessment"},"service":"phishguard-backend","timestamp":"2026-04-12 17:34:20"}
{"level":"info","message":{"duration":"19ms","ip":"::1","method":"GET","status":304,"url":"/api/v1/users?page=1&limit=10&role=USER"},"service":"phishguard-backend","timestamp":"2026-04-12 17:34:20"}
{"level":"info","message":{"duration":"24ms","ip":"::1","method":"GET","status":304,"url":"/api/v1/analytics/risk-assessment"},"service":"phishguard-backend","timestamp":"2026-04-12 17:34:20"}
{"level":"info","message":{"duration":"33ms","ip":"::1","method":"GET","status":304,"url":"/api/v1/users?page=1&limit=10&role=USER"},"service":"phishguard-backend","timestamp":"2026-04-12 17:34:20"}
{"level":"info","message":{"duration":"17ms","ip":"::1","method":"GET","status":304,"url":"/api/v1/campaigns?page=1&limit=10"},"service":"phishguard-backend","timestamp":"2026-04-12 17:34:22"}
{"level":"info","message":{"duration":"13ms","ip":"::1","method":"GET","status":304,"url":"/api/v1/campaigns?page=1&limit=10"},"service":"phishguard-backend","timestamp":"2026-04-12 17:34:22"}
{"level":"info","message":{"duration":"17ms","ip":"::1","method":"GET","status":304,"url":"/api/v1/analytics/trend?days=90"},"service":"phishguard-backend","timestamp":"2026-04-12 17:34:24"}
{"level":"info","message":{"duration":"46ms","ip":"::1","method":"GET","status":304,"url":"/api/v1/analytics/overview"},"service":"phishguard-backend","timestamp":"2026-04-12 17:34:24"}
{"level":"info","message":{"duration":"84ms","ip":"::1","method":"GET","status":304,"url":"/api/v1/campaigns?limit=5"},"service":"phishguard-backend","timestamp":"2026-04-12 17:34:24"}
{"level":"info","message":{"duration":"97ms","ip":"::1","method":"GET","status":304,"url":"/api/v1/analytics/trend?days=90"},"service":"phishguard-backend","timestamp":"2026-04-12 17:34:24"}
{"level":"info","message":{"duration":"184ms","ip":"::1","method":"GET","status":304,"url":"/api/v1/analytics/template-performance"},"service":"phishguard-backend","timestamp":"2026-04-12 17:34:24"}
{"level":"info","message":{"duration":"214ms","ip":"::1","method":"GET","status":304,"url":"/api/v1/analytics/overview"},"service":"phishguard-backend","timestamp":"2026-04-12 17:34:24"}
{"level":"info","message":{"duration":"84ms","ip":"::1","method":"GET","status":304,"url":"/api/v1/campaigns?limit=5"},"service":"phishguard-backend","timestamp":"2026-04-12 17:34:24"}
{"level":"info","message":{"duration":"63ms","ip":"::1","method":"GET","status":304,"url":"/api/v1/analytics/template-performance"},"service":"phishguard-backend","timestamp":"2026-04-12 17:34:25"}
{"level":"info","message":{"duration":"19ms","ip":"::1","method":"GET","status":304,"url":"/api/v1/campaigns?limit=5"},"service":"phishguard-backend","timestamp":"2026-04-12 17:34:30"}
{"level":"info","message":{"duration":"25ms","ip":"::1","method":"GET","status":304,"url":"/api/v1/analytics/template-performance"},"service":"phishguard-backend","timestamp":"2026-04-12 17:34:30"}
{"ip":"::1","level":"error","message":"Too many requests, please try again later","method":"GET","service":"phishguard-backend","stack":"Error: Too many requests, please try again later\n    at Object.handler (C:\\Users\\PC\\Desktop\\Software Files\\Project\\PhishGuardBackend_App\\src\\middleware\\security.middleware.ts:61:11)\n    at C:\\Users\\PC\\Desktop\\Software Files\\Project\\PhishGuardBackend_App\\node_modules\\express-rate-limit\\dist\\index.cjs:804:16\n    at process.processTicksAndRejections (node:internal/process/task_queues:105:5)\n    at async C:\\Users\\PC\\Desktop\\Software Files\\Project\\PhishGuardBackend_App\\node_modules\\express-rate-limit\\dist\\index.cjs:691:5","timestamp":"2026-04-12 17:34:30","url":"/api/v1/campaigns?limit=5","userAgent":"Mozilla/5.0 (Windows NT 10.0; Win64; x64) AppleWebKit/537.36 (KHTML, like Gecko) Chrome/146.0.0.0 Safari/537.36"}
{"level":"info","message":{"duration":"29ms","ip":"::1","method":"GET","status":429,"url":"/api/v1/campaigns?limit=5"},"service":"phishguard-backend","timestamp":"2026-04-12 17:34:30"}
{"level":"info","message":{"duration":"90ms","ip":"::1","method":"GET","status":304,"url":"/api/v1/analytics/trend?days=90"},"service":"phishguard-backend","timestamp":"2026-04-12 17:34:30"}
{"ip":"::1","level":"error","message":"Too many requests, please try again later","method":"GET","service":"phishguard-backend","stack":"Error: Too many requests, please try again later\n    at Object.handler (C:\\Users\\PC\\Desktop\\Software Files\\Project\\PhishGuardBackend_App\\src\\middleware\\security.middleware.ts:61:11)\n    at C:\\Users\\PC\\Desktop\\Software Files\\Project\\PhishGuardBackend_App\\node_modules\\express-rate-limit\\dist\\index.cjs:804:16\n    at process.processTicksAndRejections (node:internal/process/task_queues:105:5)\n    at async C:\\Users\\PC\\Desktop\\Software Files\\Project\\PhishGuardBackend_App\\node_modules\\express-rate-limit\\dist\\index.cjs:691:5","timestamp":"2026-04-12 17:34:30","url":"/api/v1/analytics/template-performance","userAgent":"Mozilla/5.0 (Windows NT 10.0; Win64; x64) AppleWebKit/537.36 (KHTML, like Gecko) Chrome/146.0.0.0 Safari/537.36"}
{"level":"info","message":{"duration":"235ms","ip":"::1","method":"GET","status":429,"url":"/api/v1/analytics/template-performance"},"service":"phishguard-backend","timestamp":"2026-04-12 17:34:31"}
{"ip":"::1","level":"error","message":"Too many requests, please try again later","method":"GET","service":"phishguard-backend","stack":"Error: Too many requests, please try again later\n    at Object.handler (C:\\Users\\PC\\Desktop\\Software Files\\Project\\PhishGuardBackend_App\\src\\middleware\\security.middleware.ts:61:11)\n    at C:\\Users\\PC\\Desktop\\Software Files\\Project\\PhishGuardBackend_App\\node_modules\\express-rate-limit\\dist\\index.cjs:804:16\n    at process.processTicksAndRejections (node:internal/process/task_queues:105:5)\n    at async C:\\Users\\PC\\Desktop\\Software Files\\Project\\PhishGuardBackend_App\\node_modules\\express-rate-limit\\dist\\index.cjs:691:5","timestamp":"2026-04-12 17:34:31","url":"/api/v1/analytics/trend?days=90","userAgent":"Mozilla/5.0 (Windows NT 10.0; Win64; x64) AppleWebKit/537.36 (KHTML, like Gecko) Chrome/146.0.0.0 Safari/537.36"}
{"level":"info","message":{"duration":"96ms","ip":"::1","method":"GET","status":429,"url":"/api/v1/analytics/trend?days=90"},"service":"phishguard-backend","timestamp":"2026-04-12 17:34:31"}
{"level":"info","message":{"duration":"761ms","ip":"::1","method":"GET","status":304,"url":"/api/v1/analytics/overview"},"service":"phishguard-backend","timestamp":"2026-04-12 17:34:31"}
{"ip":"::1","level":"error","message":"Too many requests, please try again later","method":"GET","service":"phishguard-backend","stack":"Error: Too many requests, please try again later\n    at Object.handler (C:\\Users\\PC\\Desktop\\Software Files\\Project\\PhishGuardBackend_App\\src\\middleware\\security.middleware.ts:61:11)\n    at C:\\Users\\PC\\Desktop\\Software Files\\Project\\PhishGuardBackend_App\\node_modules\\express-rate-limit\\dist\\index.cjs:804:16\n    at process.processTicksAndRejections (node:internal/process/task_queues:105:5)\n    at async C:\\Users\\PC\\Desktop\\Software Files\\Project\\PhishGuardBackend_App\\node_modules\\express-rate-limit\\dist\\index.cjs:691:5","timestamp":"2026-04-12 17:34:31","url":"/api/v1/analytics/overview","userAgent":"Mozilla/5.0 (Windows NT 10.0; Win64; x64) AppleWebKit/537.36 (KHTML, like Gecko) Chrome/146.0.0.0 Safari/537.36"}
{"level":"info","message":{"duration":"32ms","ip":"::1","method":"GET","status":429,"url":"/api/v1/analytics/overview"},"service":"phishguard-backend","timestamp":"2026-04-12 17:34:31"}
{"ip":"::1","level":"error","message":"Too many requests, please try again later","method":"POST","service":"phishguard-backend","stack":"Error: Too many requests, please try again later\n    at Object.handler (C:\\Users\\PC\\Desktop\\Software Files\\Project\\PhishGuardBackend_App\\src\\middleware\\security.middleware.ts:61:11)\n    at C:\\Users\\PC\\Desktop\\Software Files\\Project\\PhishGuardBackend_App\\node_modules\\express-rate-limit\\dist\\index.cjs:804:16\n    at process.processTicksAndRejections (node:internal/process/task_queues:105:5)\n    at async C:\\Users\\PC\\Desktop\\Software Files\\Project\\PhishGuardBackend_App\\node_modules\\express-rate-limit\\dist\\index.cjs:691:5","timestamp":"2026-04-12 17:34:40","url":"/api/v1/auth/logout","userAgent":"Mozilla/5.0 (Windows NT 10.0; Win64; x64) AppleWebKit/537.36 (KHTML, like Gecko) Chrome/146.0.0.0 Safari/537.36"}
{"level":"info","message":{"duration":"6ms","ip":"::1","method":"POST","status":429,"url":"/api/v1/auth/logout"},"service":"phishguard-backend","timestamp":"2026-04-12 17:34:40"}
{"ip":"::1","level":"error","message":"Too many requests, please try again later","method":"POST","service":"phishguard-backend","stack":"Error: Too many requests, please try again later\n    at Object.handler (C:\\Users\\PC\\Desktop\\Software Files\\Project\\PhishGuardBackend_App\\src\\middleware\\security.middleware.ts:61:11)\n    at C:\\Users\\PC\\Desktop\\Software Files\\Project\\PhishGuardBackend_App\\node_modules\\express-rate-limit\\dist\\index.cjs:804:16\n    at process.processTicksAndRejections (node:internal/process/task_queues:105:5)\n    at async C:\\Users\\PC\\Desktop\\Software Files\\Project\\PhishGuardBackend_App\\node_modules\\express-rate-limit\\dist\\index.cjs:691:5","timestamp":"2026-04-12 17:35:17","url":"/api/v1/auth/login","userAgent":"Mozilla/5.0 (Windows NT 10.0; Win64; x64) AppleWebKit/537.36 (KHTML, like Gecko) Chrome/146.0.0.0 Safari/537.36"}
{"level":"info","message":{"duration":"71ms","ip":"::1","method":"POST","status":429,"url":"/api/v1/auth/login"},"service":"phishguard-backend","timestamp":"2026-04-12 17:35:17"}
{"ip":"::1","level":"error","message":"Too many requests, please try again later","method":"POST","service":"phishguard-backend","stack":"Error: Too many requests, please try again later\n    at Object.handler (C:\\Users\\PC\\Desktop\\Software Files\\Project\\PhishGuardBackend_App\\src\\middleware\\security.middleware.ts:61:11)\n    at C:\\Users\\PC\\Desktop\\Software Files\\Project\\PhishGuardBackend_App\\node_modules\\express-rate-limit\\dist\\index.cjs:804:16\n    at process.processTicksAndRejections (node:internal/process/task_queues:105:5)\n    at async C:\\Users\\PC\\Desktop\\Software Files\\Project\\PhishGuardBackend_App\\node_modules\\express-rate-limit\\dist\\index.cjs:691:5","timestamp":"2026-04-12 17:36:21","url":"/api/v1/auth/login","userAgent":"Mozilla/5.0 (Windows NT 10.0; Win64; x64) AppleWebKit/537.36 (KHTML, like Gecko) Chrome/146.0.0.0 Safari/537.36"}
{"level":"info","message":{"duration":"10ms","ip":"::1","method":"POST","status":429,"url":"/api/v1/auth/login"},"service":"phishguard-backend","timestamp":"2026-04-12 17:36:21"}
{"ip":"::1","level":"error","message":"Too many requests, please try again later","method":"POST","service":"phishguard-backend","stack":"Error: Too many requests, please try again later\n    at Object.handler (C:\\Users\\PC\\Desktop\\Software Files\\Project\\PhishGuardBackend_App\\src\\middleware\\security.middleware.ts:61:11)\n    at C:\\Users\\PC\\Desktop\\Software Files\\Project\\PhishGuardBackend_App\\node_modules\\express-rate-limit\\dist\\index.cjs:804:16\n    at process.processTicksAndRejections (node:internal/process/task_queues:105:5)\n    at async C:\\Users\\PC\\Desktop\\Software Files\\Project\\PhishGuardBackend_App\\node_modules\\express-rate-limit\\dist\\index.cjs:691:5","timestamp":"2026-04-12 17:36:43","url":"/api/v1/auth/login","userAgent":"Mozilla/5.0 (Windows NT 10.0; Win64; x64) AppleWebKit/537.36 (KHTML, like Gecko) Chrome/146.0.0.0 Safari/537.36"}
{"level":"info","message":{"duration":"15ms","ip":"::1","method":"POST","status":429,"url":"/api/v1/auth/login"},"service":"phishguard-backend","timestamp":"2026-04-12 17:36:43"}
{"ip":"::1","level":"error","message":"Too many requests, please try again later","method":"POST","service":"phishguard-backend","stack":"Error: Too many requests, please try again later\n    at Object.handler (C:\\Users\\PC\\Desktop\\Software Files\\Project\\PhishGuardBackend_App\\src\\middleware\\security.middleware.ts:61:11)\n    at C:\\Users\\PC\\Desktop\\Software Files\\Project\\PhishGuardBackend_App\\node_modules\\express-rate-limit\\dist\\index.cjs:804:16\n    at process.processTicksAndRejections (node:internal/process/task_queues:105:5)\n    at async C:\\Users\\PC\\Desktop\\Software Files\\Project\\PhishGuardBackend_App\\node_modules\\express-rate-limit\\dist\\index.cjs:691:5","timestamp":"2026-04-12 17:36:53","url":"/api/v1/auth/login","userAgent":"Mozilla/5.0 (Windows NT 10.0; Win64; x64) AppleWebKit/537.36 (KHTML, like Gecko) Chrome/146.0.0.0 Safari/537.36"}
{"level":"info","message":{"duration":"19ms","ip":"::1","method":"POST","status":429,"url":"/api/v1/auth/login"},"service":"phishguard-backend","timestamp":"2026-04-12 17:36:53"}
{"ip":"::1","level":"error","message":"Too many requests, please try again later","method":"POST","service":"phishguard-backend","stack":"Error: Too many requests, please try again later\n    at Object.handler (C:\\Users\\PC\\Desktop\\Software Files\\Project\\PhishGuardBackend_App\\src\\middleware\\security.middleware.ts:61:11)\n    at C:\\Users\\PC\\Desktop\\Software Files\\Project\\PhishGuardBackend_App\\node_modules\\express-rate-limit\\dist\\index.cjs:804:16\n    at process.processTicksAndRejections (node:internal/process/task_queues:105:5)\n    at async C:\\Users\\PC\\Desktop\\Software Files\\Project\\PhishGuardBackend_App\\node_modules\\express-rate-limit\\dist\\index.cjs:691:5","timestamp":"2026-04-12 17:38:16","url":"/api/v1/auth/login","userAgent":"Mozilla/5.0 (Windows NT 10.0; Win64; x64) AppleWebKit/537.36 (KHTML, like Gecko) Chrome/146.0.0.0 Safari/537.36"}
{"level":"info","message":{"duration":"11ms","ip":"::1","method":"POST","status":429,"url":"/api/v1/auth/login"},"service":"phishguard-backend","timestamp":"2026-04-12 17:38:16"}
{"level":"info","message":"User logged in: admin@homxe.com","service":"phishguard-backend","timestamp":"2026-04-12 17:49:15"}
{"level":"info","message":{"duration":"1002ms","ip":"::1","method":"POST","status":200,"url":"/api/v1/auth/login"},"service":"phishguard-backend","timestamp":"2026-04-12 17:49:15"}
{"level":"info","message":{"duration":"406ms","ip":"::1","method":"GET","status":200,"url":"/api/v1/analytics/template-performance"},"service":"phishguard-backend","timestamp":"2026-04-12 17:49:17"}
{"level":"info","message":{"duration":"544ms","ip":"::1","method":"GET","status":200,"url":"/api/v1/analytics/overview"},"service":"phishguard-backend","timestamp":"2026-04-12 17:49:17"}
{"level":"info","message":{"duration":"591ms","ip":"::1","method":"GET","status":200,"url":"/api/v1/analytics/trend?days=90"},"service":"phishguard-backend","timestamp":"2026-04-12 17:49:17"}
{"level":"info","message":{"duration":"71ms","ip":"::1","method":"GET","status":304,"url":"/api/v1/analytics/template-performance"},"service":"phishguard-backend","timestamp":"2026-04-12 17:49:17"}
{"level":"info","message":{"duration":"636ms","ip":"::1","method":"GET","status":200,"url":"/api/v1/campaigns?limit=5"},"service":"phishguard-backend","timestamp":"2026-04-12 17:49:17"}
{"level":"info","message":{"duration":"72ms","ip":"::1","method":"GET","status":304,"url":"/api/v1/analytics/overview"},"service":"phishguard-backend","timestamp":"2026-04-12 17:49:17"}
{"level":"info","message":{"duration":"133ms","ip":"::1","method":"GET","status":304,"url":"/api/v1/analytics/trend?days=90"},"service":"phishguard-backend","timestamp":"2026-04-12 17:49:17"}
{"level":"info","message":{"duration":"140ms","ip":"::1","method":"GET","status":304,"url":"/api/v1/campaigns?limit=5"},"service":"phishguard-backend","timestamp":"2026-04-12 17:49:17"}
{"level":"info","message":{"duration":"25ms","ip":"::1","method":"GET","status":304,"url":"/api/v1/templates?limit=50"},"service":"phishguard-backend","timestamp":"2026-04-12 17:49:41"}
{"level":"info","message":{"duration":"11ms","ip":"::1","method":"GET","status":304,"url":"/api/v1/templates?limit=50"},"service":"phishguard-backend","timestamp":"2026-04-12 17:49:41"}
{"level":"info","message":{"duration":"419ms","ip":"::1","method":"POST","status":200,"url":"/api/v1/ai/analyze"},"service":"phishguard-backend","timestamp":"2026-04-12 17:49:41"}
{"level":"info","message":{"duration":"767ms","ip":"::1","method":"POST","status":200,"url":"/api/v1/ai/analyze"},"service":"phishguard-backend","timestamp":"2026-04-12 17:49:42"}
{"level":"info","message":{"duration":"2420ms","ip":"::1","method":"POST","status":200,"url":"/api/v1/ai/analyze"},"service":"phishguard-backend","timestamp":"2026-04-12 17:49:43"}
{"level":"info","message":{"duration":"2476ms","ip":"::1","method":"POST","status":200,"url":"/api/v1/ai/analyze"},"service":"phishguard-backend","timestamp":"2026-04-12 17:49:44"}
{"level":"info","message":{"duration":"2895ms","ip":"::1","method":"POST","status":200,"url":"/api/v1/ai/analyze"},"service":"phishguard-backend","timestamp":"2026-04-12 17:49:44"}
{"level":"info","message":{"duration":"3760ms","ip":"::1","method":"POST","status":200,"url":"/api/v1/ai/analyze"},"service":"phishguard-backend","timestamp":"2026-04-12 17:49:45"}
{"level":"info","message":{"duration":"3373ms","ip":"::1","method":"POST","status":200,"url":"/api/v1/ai/analyze"},"service":"phishguard-backend","timestamp":"2026-04-12 17:49:45"}
{"level":"info","message":{"duration":"4443ms","ip":"::1","method":"POST","status":200,"url":"/api/v1/ai/analyze"},"service":"phishguard-backend","timestamp":"2026-04-12 17:49:45"}
{"level":"info","message":{"duration":"2027ms","ip":"::1","method":"POST","status":200,"url":"/api/v1/ai/analyze"},"service":"phishguard-backend","timestamp":"2026-04-12 17:49:45"}
{"level":"info","message":{"duration":"2457ms","ip":"::1","method":"POST","status":200,"url":"/api/v1/ai/analyze"},"service":"phishguard-backend","timestamp":"2026-04-12 17:49:46"}
{"level":"info","message":{"duration":"2456ms","ip":"::1","method":"POST","status":200,"url":"/api/v1/ai/analyze"},"service":"phishguard-backend","timestamp":"2026-04-12 17:49:46"}
{"level":"info","message":{"duration":"2075ms","ip":"::1","method":"POST","status":200,"url":"/api/v1/ai/analyze"},"service":"phishguard-backend","timestamp":"2026-04-12 17:49:47"}
{"level":"info","message":{"duration":"1713ms","ip":"::1","method":"POST","status":200,"url":"/api/v1/ai/analyze"},"service":"phishguard-backend","timestamp":"2026-04-12 17:49:47"}
{"level":"info","message":{"duration":"3221ms","ip":"::1","method":"POST","status":200,"url":"/api/v1/ai/analyze"},"service":"phishguard-backend","timestamp":"2026-04-12 17:49:49"}
{"level":"info","message":{"duration":"3240ms","ip":"::1","method":"POST","status":200,"url":"/api/v1/ai/analyze"},"service":"phishguard-backend","timestamp":"2026-04-12 17:49:49"}
{"level":"info","message":{"duration":"3832ms","ip":"::1","method":"POST","status":200,"url":"/api/v1/ai/analyze"},"service":"phishguard-backend","timestamp":"2026-04-12 17:49:50"}
{"level":"info","message":{"duration":"3842ms","ip":"::1","method":"POST","status":200,"url":"/api/v1/ai/analyze"},"service":"phishguard-backend","timestamp":"2026-04-12 17:49:50"}
{"level":"info","message":{"duration":"3763ms","ip":"::1","method":"POST","status":200,"url":"/api/v1/ai/analyze"},"service":"phishguard-backend","timestamp":"2026-04-12 17:49:50"}
{"level":"info","message":{"duration":"8ms","ip":"::1","method":"GET","status":200,"url":"/api/v1/templates/692c4f09-b47f-42b8-aa7f-55266a73ba41"},"service":"phishguard-backend","timestamp":"2026-04-12 17:49:56"}
{"level":"info","message":{"duration":"7ms","ip":"::1","method":"GET","status":304,"url":"/api/v1/templates/86f67270-c11e-4c98-92da-d786e4d0e831"},"service":"phishguard-backend","timestamp":"2026-04-12 17:50:05"}
{"level":"info","message":{"duration":"14ms","ip":"::1","method":"GET","status":304,"url":"/api/v1/templates?limit=50"},"service":"phishguard-backend","timestamp":"2026-04-12 17:53:20"}
{"level":"info","message":{"duration":"15ms","ip":"::1","method":"GET","status":304,"url":"/api/v1/templates?limit=50"},"service":"phishguard-backend","timestamp":"2026-04-12 17:53:20"}
{"level":"info","message":{"duration":"2113ms","ip":"::1","method":"POST","status":200,"url":"/api/v1/ai/analyze"},"service":"phishguard-backend","timestamp":"2026-04-12 17:53:22"}
{"level":"info","message":{"duration":"3171ms","ip":"::1","method":"POST","status":200,"url":"/api/v1/ai/analyze"},"service":"phishguard-backend","timestamp":"2026-04-12 17:53:23"}
{"level":"info","message":{"duration":"3803ms","ip":"::1","method":"POST","status":200,"url":"/api/v1/ai/analyze"},"service":"phishguard-backend","timestamp":"2026-04-12 17:53:24"}
{"level":"info","message":{"duration":"5115ms","ip":"::1","method":"POST","status":200,"url":"/api/v1/ai/analyze"},"service":"phishguard-backend","timestamp":"2026-04-12 17:53:25"}
{"level":"info","message":{"duration":"3406ms","ip":"::1","method":"POST","status":200,"url":"/api/v1/ai/analyze"},"service":"phishguard-backend","timestamp":"2026-04-12 17:53:26"}
{"level":"info","message":{"duration":"6327ms","ip":"::1","method":"POST","status":200,"url":"/api/v1/ai/analyze"},"service":"phishguard-backend","timestamp":"2026-04-12 17:53:26"}
{"level":"info","message":{"duration":"3490ms","ip":"::1","method":"POST","status":200,"url":"/api/v1/ai/analyze"},"service":"phishguard-backend","timestamp":"2026-04-12 17:53:27"}
{"level":"info","message":{"duration":"7298ms","ip":"::1","method":"POST","status":200,"url":"/api/v1/ai/analyze"},"service":"phishguard-backend","timestamp":"2026-04-12 17:53:27"}
{"level":"info","message":{"duration":"3535ms","ip":"::1","method":"POST","status":200,"url":"/api/v1/ai/analyze"},"service":"phishguard-backend","timestamp":"2026-04-12 17:53:27"}
{"level":"info","message":{"duration":"4515ms","ip":"::1","method":"POST","status":200,"url":"/api/v1/ai/analyze"},"service":"phishguard-backend","timestamp":"2026-04-12 17:53:30"}
{"level":"info","message":{"duration":"4072ms","ip":"::1","method":"POST","status":200,"url":"/api/v1/ai/analyze"},"service":"phishguard-backend","timestamp":"2026-04-12 17:53:30"}
{"level":"info","message":{"duration":"5392ms","ip":"::1","method":"POST","status":200,"url":"/api/v1/ai/analyze"},"service":"phishguard-backend","timestamp":"2026-04-12 17:53:32"}
{"level":"info","message":{"duration":"5050ms","ip":"::1","method":"POST","status":200,"url":"/api/v1/ai/analyze"},"service":"phishguard-backend","timestamp":"2026-04-12 17:53:32"}
{"level":"info","message":{"duration":"335ms","ip":"::1","method":"GET","status":304,"url":"/api/v1/templates?limit=50"},"service":"phishguard-backend","timestamp":"2026-04-12 17:59:26"}
{"level":"info","message":{"duration":"359ms","ip":"::1","method":"GET","status":304,"url":"/api/v1/templates?limit=50"},"service":"phishguard-backend","timestamp":"2026-04-12 17:59:27"}
{"level":"info","message":{"duration":"2237ms","ip":"::1","method":"POST","status":200,"url":"/api/v1/ai/analyze"},"service":"phishguard-backend","timestamp":"2026-04-12 17:59:29"}
{"level":"info","message":{"duration":"2849ms","ip":"::1","method":"POST","status":200,"url":"/api/v1/ai/analyze"},"service":"phishguard-backend","timestamp":"2026-04-12 17:59:29"}
{"level":"info","message":{"duration":"3585ms","ip":"::1","method":"POST","status":200,"url":"/api/v1/ai/analyze"},"service":"phishguard-backend","timestamp":"2026-04-12 17:59:30"}
{"level":"info","message":{"duration":"4804ms","ip":"::1","method":"POST","status":200,"url":"/api/v1/ai/analyze"},"service":"phishguard-backend","timestamp":"2026-04-12 17:59:31"}
{"level":"info","message":{"duration":"3082ms","ip":"::1","method":"POST","status":200,"url":"/api/v1/ai/analyze"},"service":"phishguard-backend","timestamp":"2026-04-12 17:59:32"}
{"level":"info","message":{"duration":"5689ms","ip":"::1","method":"POST","status":200,"url":"/api/v1/ai/analyze"},"service":"phishguard-backend","timestamp":"2026-04-12 17:59:32"}
{"level":"info","message":{"duration":"3249ms","ip":"::1","method":"POST","status":200,"url":"/api/v1/ai/analyze"},"service":"phishguard-backend","timestamp":"2026-04-12 17:59:32"}
{"level":"info","message":{"duration":"6309ms","ip":"::1","method":"POST","status":200,"url":"/api/v1/ai/analyze"},"service":"phishguard-backend","timestamp":"2026-04-12 17:59:33"}
{"level":"info","message":{"duration":"3011ms","ip":"::1","method":"POST","status":200,"url":"/api/v1/ai/analyze"},"service":"phishguard-backend","timestamp":"2026-04-12 17:59:33"}
{"level":"info","message":{"duration":"2572ms","ip":"::1","method":"POST","status":200,"url":"/api/v1/ai/analyze"},"service":"phishguard-backend","timestamp":"2026-04-12 17:59:34"}
{"level":"info","message":{"duration":"2061ms","ip":"::1","method":"POST","status":200,"url":"/api/v1/ai/analyze"},"service":"phishguard-backend","timestamp":"2026-04-12 17:59:34"}
{"level":"info","message":{"duration":"2841ms","ip":"::1","method":"POST","status":200,"url":"/api/v1/ai/analyze"},"service":"phishguard-backend","timestamp":"2026-04-12 17:59:35"}
{"level":"info","message":{"duration":"2452ms","ip":"::1","method":"POST","status":200,"url":"/api/v1/ai/analyze"},"service":"phishguard-backend","timestamp":"2026-04-12 17:59:35"}
{"level":"info","message":{"duration":"5155ms","ip":"::1","method":"POST","status":200,"url":"/api/v1/ai/analyze"},"service":"phishguard-backend","timestamp":"2026-04-12 17:59:38"}
{"level":"info","message":{"duration":"5158ms","ip":"::1","method":"POST","status":200,"url":"/api/v1/ai/analyze"},"service":"phishguard-backend","timestamp":"2026-04-12 17:59:38"}
{"level":"info","message":{"duration":"6425ms","ip":"::1","method":"POST","status":200,"url":"/api/v1/ai/analyze"},"service":"phishguard-backend","timestamp":"2026-04-12 17:59:40"}
{"level":"info","message":{"duration":"6431ms","ip":"::1","method":"POST","status":200,"url":"/api/v1/ai/analyze"},"service":"phishguard-backend","timestamp":"2026-04-12 17:59:40"}
{"level":"info","message":{"duration":"6126ms","ip":"::1","method":"POST","status":200,"url":"/api/v1/ai/analyze"},"service":"phishguard-backend","timestamp":"2026-04-12 17:59:41"}
{"level":"info","message":"✓ Database connected successfully","service":"phishguard-backend","timestamp":"2026-04-12 18:24:10"}
{"level":"info","message":"🚀 ============================================","service":"phishguard-backend","timestamp":"2026-04-12 18:24:10"}
{"level":"info","message":"🚀 Server started successfully!","service":"phishguard-backend","timestamp":"2026-04-12 18:24:10"}
{"level":"info","message":"🚀 Environment: development","service":"phishguard-backend","timestamp":"2026-04-12 18:24:10"}
{"level":"info","message":"🚀 Port: 3001","service":"phishguard-backend","timestamp":"2026-04-12 18:24:10"}
{"level":"info","message":"🚀 API Version: v1","service":"phishguard-backend","timestamp":"2026-04-12 18:24:10"}
{"level":"info","message":"🚀 Health Check: http://localhost:3001/health","service":"phishguard-backend","timestamp":"2026-04-12 18:24:10"}
{"level":"info","message":"🚀 API Base URL: http://localhost:3001/api/v1","service":"phishguard-backend","timestamp":"2026-04-12 18:24:10"}
{"level":"info","message":"🚀 ============================================","service":"phishguard-backend","timestamp":"2026-04-12 18:24:10"}
{"level":"info","message":"✓ Database connected successfully","service":"phishguard-backend","timestamp":"2026-04-12 18:35:12"}
{"level":"info","message":"🚀 ============================================","service":"phishguard-backend","timestamp":"2026-04-12 18:35:12"}
{"level":"info","message":"🚀 Server started successfully!","service":"phishguard-backend","timestamp":"2026-04-12 18:35:12"}
{"level":"info","message":"🚀 Environment: development","service":"phishguard-backend","timestamp":"2026-04-12 18:35:12"}
{"level":"info","message":"🚀 Port: 3001","service":"phishguard-backend","timestamp":"2026-04-12 18:35:12"}
{"level":"info","message":"🚀 API Version: v1","service":"phishguard-backend","timestamp":"2026-04-12 18:35:12"}
{"level":"info","message":"🚀 Health Check: http://localhost:3001/health","service":"phishguard-backend","timestamp":"2026-04-12 18:35:12"}
{"level":"info","message":"🚀 API Base URL: http://localhost:3001/api/v1","service":"phishguard-backend","timestamp":"2026-04-12 18:35:12"}
{"level":"info","message":"🚀 ============================================","service":"phishguard-backend","timestamp":"2026-04-12 18:35:12"}
{"level":"info","message":"✓ Database connected successfully","service":"phishguard-backend","timestamp":"2026-04-12 18:36:21"}
{"level":"info","message":"🚀 ============================================","service":"phishguard-backend","timestamp":"2026-04-12 18:36:21"}
{"level":"info","message":"🚀 Server started successfully!","service":"phishguard-backend","timestamp":"2026-04-12 18:36:21"}
{"level":"info","message":"🚀 Environment: development","service":"phishguard-backend","timestamp":"2026-04-12 18:36:21"}
{"level":"info","message":"🚀 Port: 3001","service":"phishguard-backend","timestamp":"2026-04-12 18:36:21"}
{"level":"info","message":"🚀 API Version: v1","service":"phishguard-backend","timestamp":"2026-04-12 18:36:21"}
{"level":"info","message":"🚀 Health Check: http://localhost:3001/health","service":"phishguard-backend","timestamp":"2026-04-12 18:36:21"}
{"level":"info","message":"🚀 API Base URL: http://localhost:3001/api/v1","service":"phishguard-backend","timestamp":"2026-04-12 18:36:21"}
{"level":"info","message":"🚀 ============================================","service":"phishguard-backend","timestamp":"2026-04-12 18:36:21"}
{"level":"info","message":"✓ Database connected successfully","service":"phishguard-backend","timestamp":"2026-04-12 18:37:12"}
{"level":"info","message":"🚀 ============================================","service":"phishguard-backend","timestamp":"2026-04-12 18:37:12"}
{"level":"info","message":"🚀 Server started successfully!","service":"phishguard-backend","timestamp":"2026-04-12 18:37:12"}
{"level":"info","message":"🚀 Environment: development","service":"phishguard-backend","timestamp":"2026-04-12 18:37:12"}
{"level":"info","message":"🚀 Port: 3001","service":"phishguard-backend","timestamp":"2026-04-12 18:37:12"}
{"level":"info","message":"🚀 API Version: v1","service":"phishguard-backend","timestamp":"2026-04-12 18:37:12"}
{"level":"info","message":"🚀 Health Check: http://localhost:3001/health","service":"phishguard-backend","timestamp":"2026-04-12 18:37:12"}
{"level":"info","message":"🚀 API Base URL: http://localhost:3001/api/v1","service":"phishguard-backend","timestamp":"2026-04-12 18:37:12"}
{"level":"info","message":"🚀 ============================================","service":"phishguard-backend","timestamp":"2026-04-12 18:37:12"}
{"level":"info","message":"✓ Database connected successfully","service":"phishguard-backend","timestamp":"2026-04-12 18:39:18"}
{"level":"info","message":"🚀 ============================================","service":"phishguard-backend","timestamp":"2026-04-12 18:39:18"}
{"level":"info","message":"🚀 Server started successfully!","service":"phishguard-backend","timestamp":"2026-04-12 18:39:18"}
{"level":"info","message":"🚀 Environment: development","service":"phishguard-backend","timestamp":"2026-04-12 18:39:18"}
{"level":"info","message":"🚀 Port: 3001","service":"phishguard-backend","timestamp":"2026-04-12 18:39:18"}
{"level":"info","message":"🚀 API Version: v1","service":"phishguard-backend","timestamp":"2026-04-12 18:39:18"}
{"level":"info","message":"🚀 Health Check: http://localhost:3001/health","service":"phishguard-backend","timestamp":"2026-04-12 18:39:18"}
{"level":"info","message":"🚀 API Base URL: http://localhost:3001/api/v1","service":"phishguard-backend","timestamp":"2026-04-12 18:39:18"}
{"level":"info","message":"🚀 ============================================","service":"phishguard-backend","timestamp":"2026-04-12 18:39:18"}
{"level":"info","message":{"duration":"378ms","ip":"::1","method":"GET","status":304,"url":"/api/v1/auth/me"},"service":"phishguard-backend","timestamp":"2026-04-12 18:51:52"}
{"level":"info","message":{"duration":"7ms","ip":"::1","method":"GET","status":304,"url":"/api/v1/auth/me"},"service":"phishguard-backend","timestamp":"2026-04-12 18:51:56"}
{"level":"info","message":"User logged out: 616fe9fc-e443-4751-be60-3d695a7c6e0d","service":"phishguard-backend","timestamp":"2026-04-12 18:52:04"}
{"level":"info","message":{"duration":"18ms","ip":"::1","method":"POST","status":200,"url":"/api/v1/auth/logout"},"service":"phishguard-backend","timestamp":"2026-04-12 18:52:04"}
{"level":"info","message":"User logged in: admin@homxe.com","service":"phishguard-backend","timestamp":"2026-04-12 18:56:02"}
{"level":"info","message":{"duration":"1367ms","ip":"::1","method":"POST","status":200,"url":"/api/v1/auth/login"},"service":"phishguard-backend","timestamp":"2026-04-12 18:56:02"}
{"level":"info","message":{"duration":"75ms","ip":"::1","method":"GET","status":304,"url":"/api/v1/analytics/trend?days=90"},"service":"phishguard-backend","timestamp":"2026-04-12 18:56:03"}
{"level":"info","message":{"duration":"132ms","ip":"::1","method":"GET","status":304,"url":"/api/v1/campaigns?limit=5"},"service":"phishguard-backend","timestamp":"2026-04-12 18:56:03"}
{"level":"info","message":{"duration":"14ms","ip":"::1","method":"GET","status":304,"url":"/api/v1/analytics/trend?days=90"},"service":"phishguard-backend","timestamp":"2026-04-12 18:56:03"}
{"level":"info","message":{"duration":"18ms","ip":"::1","method":"GET","status":304,"url":"/api/v1/campaigns?limit=5"},"service":"phishguard-backend","timestamp":"2026-04-12 18:56:03"}
{"level":"info","message":{"duration":"2297ms","ip":"::1","method":"GET","status":304,"url":"/api/v1/analytics/template-performance"},"service":"phishguard-backend","timestamp":"2026-04-12 18:56:05"}
{"level":"info","message":{"duration":"11ms","ip":"::1","method":"GET","status":304,"url":"/api/v1/analytics/template-performance"},"service":"phishguard-backend","timestamp":"2026-04-12 18:56:06"}
{"level":"info","message":{"duration":"2530ms","ip":"::1","method":"GET","status":304,"url":"/api/v1/analytics/overview"},"service":"phishguard-backend","timestamp":"2026-04-12 18:56:06"}
{"level":"info","message":{"duration":"20ms","ip":"::1","method":"GET","status":304,"url":"/api/v1/analytics/overview"},"service":"phishguard-backend","timestamp":"2026-04-12 18:56:06"}
{"level":"info","message":{"duration":"27ms","ip":"::1","method":"GET","status":304,"url":"/api/v1/users?page=1&limit=10&role=USER"},"service":"phishguard-backend","timestamp":"2026-04-12 18:56:15"}
{"level":"info","message":{"duration":"49ms","ip":"::1","method":"GET","status":304,"url":"/api/v1/analytics/risk-assessment"},"service":"phishguard-backend","timestamp":"2026-04-12 18:56:15"}
{"level":"info","message":{"duration":"94ms","ip":"::1","method":"GET","status":304,"url":"/api/v1/users?page=1&limit=10&role=USER"},"service":"phishguard-backend","timestamp":"2026-04-12 18:56:15"}
{"level":"info","message":{"duration":"159ms","ip":"::1","method":"GET","status":304,"url":"/api/v1/analytics/risk-assessment"},"service":"phishguard-backend","timestamp":"2026-04-12 18:56:15"}
{"level":"info","message":{"duration":"28ms","ip":"::1","method":"GET","status":304,"url":"/api/v1/analytics/trend?days=90"},"service":"phishguard-backend","timestamp":"2026-04-12 18:56:28"}
{"level":"info","message":{"duration":"23ms","ip":"::1","method":"GET","status":304,"url":"/api/v1/analytics/template-performance"},"service":"phishguard-backend","timestamp":"2026-04-12 18:56:28"}
{"level":"info","message":{"duration":"38ms","ip":"::1","method":"GET","status":304,"url":"/api/v1/campaigns?limit=5"},"service":"phishguard-backend","timestamp":"2026-04-12 18:56:28"}
{"level":"info","message":{"duration":"62ms","ip":"::1","method":"GET","status":304,"url":"/api/v1/analytics/overview"},"service":"phishguard-backend","timestamp":"2026-04-12 18:56:28"}
{"level":"info","message":{"duration":"36ms","ip":"::1","method":"GET","status":304,"url":"/api/v1/analytics/trend?days=90"},"service":"phishguard-backend","timestamp":"2026-04-12 18:56:28"}
{"level":"info","message":{"duration":"102ms","ip":"::1","method":"GET","status":304,"url":"/api/v1/analytics/template-performance"},"service":"phishguard-backend","timestamp":"2026-04-12 18:56:28"}
{"level":"info","message":{"duration":"110ms","ip":"::1","method":"GET","status":304,"url":"/api/v1/campaigns?limit=5"},"service":"phishguard-backend","timestamp":"2026-04-12 18:56:28"}
{"level":"info","message":{"duration":"158ms","ip":"::1","method":"GET","status":304,"url":"/api/v1/analytics/overview"},"service":"phishguard-backend","timestamp":"2026-04-12 18:56:28"}
{"level":"info","message":{"duration":"17ms","ip":"::1","method":"GET","status":304,"url":"/api/v1/templates?limit=50"},"service":"phishguard-backend","timestamp":"2026-04-12 18:57:14"}
{"level":"info","message":{"duration":"8ms","ip":"::1","method":"GET","status":304,"url":"/api/v1/templates?limit=50"},"service":"phishguard-backend","timestamp":"2026-04-12 18:57:14"}
{"level":"info","message":{"duration":"2749ms","ip":"::1","method":"POST","status":200,"url":"/api/v1/ai/analyze"},"service":"phishguard-backend","timestamp":"2026-04-12 18:57:16"}
{"level":"info","message":{"duration":"4001ms","ip":"::1","method":"POST","status":200,"url":"/api/v1/ai/analyze"},"service":"phishguard-backend","timestamp":"2026-04-12 18:57:18"}
{"level":"info","message":{"duration":"4524ms","ip":"::1","method":"POST","status":200,"url":"/api/v1/ai/analyze"},"service":"phishguard-backend","timestamp":"2026-04-12 18:57:18"}
{"level":"info","message":{"duration":"5236ms","ip":"::1","method":"POST","status":200,"url":"/api/v1/ai/analyze"},"service":"phishguard-backend","timestamp":"2026-04-12 18:57:19"}
{"level":"info","message":{"duration":"4459ms","ip":"::1","method":"POST","status":200,"url":"/api/v1/ai/analyze"},"service":"phishguard-backend","timestamp":"2026-04-12 18:57:21"}
{"level":"info","message":{"duration":"8172ms","ip":"::1","method":"POST","status":200,"url":"/api/v1/ai/analyze"},"service":"phishguard-backend","timestamp":"2026-04-12 18:57:22"}
{"level":"info","message":{"duration":"4799ms","ip":"::1","method":"POST","status":200,"url":"/api/v1/ai/analyze"},"service":"phishguard-backend","timestamp":"2026-04-12 18:57:22"}
{"level":"info","message":{"duration":"9617ms","ip":"::1","method":"POST","status":200,"url":"/api/v1/ai/analyze"},"service":"phishguard-backend","timestamp":"2026-04-12 18:57:23"}
{"level":"info","message":{"duration":"5177ms","ip":"::1","method":"POST","status":200,"url":"/api/v1/ai/analyze"},"service":"phishguard-backend","timestamp":"2026-04-12 18:57:23"}
{"level":"info","message":{"duration":"5552ms","ip":"::1","method":"POST","status":200,"url":"/api/v1/ai/analyze"},"service":"phishguard-backend","timestamp":"2026-04-12 18:57:24"}
{"level":"info","message":{"duration":"3493ms","ip":"::1","method":"POST","status":200,"url":"/api/v1/ai/analyze"},"service":"phishguard-backend","timestamp":"2026-04-12 18:57:24"}
{"level":"info","message":{"duration":"3312ms","ip":"::1","method":"POST","status":200,"url":"/api/v1/ai/analyze"},"service":"phishguard-backend","timestamp":"2026-04-12 18:57:25"}
{"level":"info","message":{"duration":"2764ms","ip":"::1","method":"POST","status":200,"url":"/api/v1/ai/analyze"},"service":"phishguard-backend","timestamp":"2026-04-12 18:57:25"}
{"level":"info","message":{"duration":"2606ms","ip":"::1","method":"POST","status":200,"url":"/api/v1/ai/analyze"},"service":"phishguard-backend","timestamp":"2026-04-12 18:57:26"}
{"level":"info","message":{"duration":"2615ms","ip":"::1","method":"POST","status":200,"url":"/api/v1/ai/analyze"},"service":"phishguard-backend","timestamp":"2026-04-12 18:57:26"}
{"level":"info","message":{"duration":"2714ms","ip":"::1","method":"POST","status":200,"url":"/api/v1/ai/analyze"},"service":"phishguard-backend","timestamp":"2026-04-12 18:57:27"}
{"level":"info","message":{"duration":"2718ms","ip":"::1","method":"POST","status":200,"url":"/api/v1/ai/analyze"},"service":"phishguard-backend","timestamp":"2026-04-12 18:57:27"}
{"level":"info","message":{"duration":"3240ms","ip":"::1","method":"POST","status":200,"url":"/api/v1/ai/analyze"},"service":"phishguard-backend","timestamp":"2026-04-12 18:57:29"}
{"level":"info","message":{"duration":"44ms","ip":"::1","method":"POST","status":201,"url":"/api/v1/templates"},"service":"phishguard-backend","timestamp":"2026-04-12 19:00:42"}
{"level":"info","message":{"duration":"14ms","ip":"::1","method":"GET","status":200,"url":"/api/v1/templates/feb98411-1667-4790-b763-463abff71ae1"},"service":"phishguard-backend","timestamp":"2026-04-12 19:00:43"}
{"level":"info","message":{"duration":"314ms","ip":"::1","method":"GET","status":200,"url":"/api/v1/templates?limit=50"},"service":"phishguard-backend","timestamp":"2026-04-12 19:06:02"}
{"level":"info","message":{"duration":"31ms","ip":"::1","method":"GET","status":304,"url":"/api/v1/templates?limit=50"},"service":"phishguard-backend","timestamp":"2026-04-12 19:06:02"}
{"level":"info","message":{"duration":"1318ms","ip":"::1","method":"POST","status":200,"url":"/api/v1/ai/analyze"},"service":"phishguard-backend","timestamp":"2026-04-12 19:06:03"}
{"level":"info","message":{"duration":"5458ms","ip":"::1","method":"POST","status":200,"url":"/api/v1/ai/analyze"},"service":"phishguard-backend","timestamp":"2026-04-12 19:06:07"}
{"level":"info","message":{"duration":"5438ms","ip":"::1","method":"POST","status":200,"url":"/api/v1/ai/analyze"},"service":"phishguard-backend","timestamp":"2026-04-12 19:06:07"}
{"level":"info","message":{"duration":"5438ms","ip":"::1","method":"POST","status":200,"url":"/api/v1/ai/analyze"},"service":"phishguard-backend","timestamp":"2026-04-12 19:06:07"}
{"level":"info","message":{"duration":"5449ms","ip":"::1","method":"POST","status":200,"url":"/api/v1/ai/analyze"},"service":"phishguard-backend","timestamp":"2026-04-12 19:06:07"}
{"level":"info","message":{"duration":"5503ms","ip":"::1","method":"POST","status":200,"url":"/api/v1/ai/analyze"},"service":"phishguard-backend","timestamp":"2026-04-12 19:06:07"}
{"level":"info","message":{"duration":"5284ms","ip":"::1","method":"POST","status":200,"url":"/api/v1/ai/analyze"},"service":"phishguard-backend","timestamp":"2026-04-12 19:06:08"}
{"level":"info","message":{"duration":"5082ms","ip":"::1","method":"POST","status":200,"url":"/api/v1/ai/analyze"},"service":"phishguard-backend","timestamp":"2026-04-12 19:06:12"}
{"level":"info","message":{"duration":"5025ms","ip":"::1","method":"POST","status":200,"url":"/api/v1/ai/analyze"},"service":"phishguard-backend","timestamp":"2026-04-12 19:06:12"}
{"level":"info","message":{"duration":"5010ms","ip":"::1","method":"POST","status":200,"url":"/api/v1/ai/analyze"},"service":"phishguard-backend","timestamp":"2026-04-12 19:06:12"}
{"level":"info","message":{"duration":"4965ms","ip":"::1","method":"POST","status":200,"url":"/api/v1/ai/analyze"},"service":"phishguard-backend","timestamp":"2026-04-12 19:06:13"}
{"level":"info","message":{"duration":"4943ms","ip":"::1","method":"POST","status":200,"url":"/api/v1/ai/analyze"},"service":"phishguard-backend","timestamp":"2026-04-12 19:06:13"}
{"level":"info","message":{"duration":"4703ms","ip":"::1","method":"POST","status":200,"url":"/api/v1/ai/analyze"},"service":"phishguard-backend","timestamp":"2026-04-12 19:06:13"}
{"level":"info","message":{"duration":"3106ms","ip":"::1","method":"POST","status":200,"url":"/api/v1/ai/analyze"},"service":"phishguard-backend","timestamp":"2026-04-12 19:06:16"}
{"level":"info","message":{"duration":"3115ms","ip":"::1","method":"POST","status":200,"url":"/api/v1/ai/analyze"},"service":"phishguard-backend","timestamp":"2026-04-12 19:06:16"}
{"level":"info","message":{"duration":"3102ms","ip":"::1","method":"POST","status":200,"url":"/api/v1/ai/analyze"},"service":"phishguard-backend","timestamp":"2026-04-12 19:06:16"}
{"level":"info","message":{"duration":"3121ms","ip":"::1","method":"POST","status":200,"url":"/api/v1/ai/analyze"},"service":"phishguard-backend","timestamp":"2026-04-12 19:06:16"}
{"level":"info","message":{"duration":"3118ms","ip":"::1","method":"POST","status":200,"url":"/api/v1/ai/analyze"},"service":"phishguard-backend","timestamp":"2026-04-12 19:06:16"}
{"level":"info","message":{"duration":"2946ms","ip":"::1","method":"POST","status":200,"url":"/api/v1/ai/analyze"},"service":"phishguard-backend","timestamp":"2026-04-12 19:06:16"}
{"level":"info","message":{"duration":"149ms","ip":"::1","method":"GET","status":304,"url":"/api/v1/auth/me"},"service":"phishguard-backend","timestamp":"2026-04-12 19:37:16"}
{"level":"info","message":"User logged out: 616fe9fc-e443-4751-be60-3d695a7c6e0d","service":"phishguard-backend","timestamp":"2026-04-12 19:37:21"}
{"level":"info","message":{"duration":"20ms","ip":"::1","method":"POST","status":200,"url":"/api/v1/auth/logout"},"service":"phishguard-backend","timestamp":"2026-04-12 19:37:21"}
{"level":"info","message":"User logged in: admin@homxe.com","service":"phishguard-backend","timestamp":"2026-04-12 19:37:51"}
{"level":"info","message":{"duration":"855ms","ip":"::1","method":"POST","status":200,"url":"/api/v1/auth/login"},"service":"phishguard-backend","timestamp":"2026-04-12 19:37:51"}
{"level":"info","message":{"duration":"50ms","ip":"::1","method":"GET","status":304,"url":"/api/v1/analytics/trend?days=90"},"service":"phishguard-backend","timestamp":"2026-04-12 19:37:52"}
{"level":"info","message":{"duration":"68ms","ip":"::1","method":"GET","status":304,"url":"/api/v1/campaigns?limit=5"},"service":"phishguard-backend","timestamp":"2026-04-12 19:37:52"}
{"level":"info","message":{"duration":"18ms","ip":"::1","method":"GET","status":304,"url":"/api/v1/campaigns?limit=5"},"service":"phishguard-backend","timestamp":"2026-04-12 19:37:52"}
{"level":"info","message":{"duration":"30ms","ip":"::1","method":"GET","status":304,"url":"/api/v1/analytics/template-performance"},"service":"phishguard-backend","timestamp":"2026-04-12 19:37:52"}
{"level":"info","message":{"duration":"49ms","ip":"::1","method":"GET","status":304,"url":"/api/v1/analytics/trend?days=90"},"service":"phishguard-backend","timestamp":"2026-04-12 19:37:52"}
{"level":"info","message":{"duration":"7ms","ip":"::1","method":"GET","status":304,"url":"/api/v1/analytics/template-performance"},"service":"phishguard-backend","timestamp":"2026-04-12 19:37:52"}
{"level":"info","message":{"duration":"849ms","ip":"::1","method":"GET","status":304,"url":"/api/v1/analytics/overview"},"service":"phishguard-backend","timestamp":"2026-04-12 19:37:53"}
{"level":"info","message":{"duration":"23ms","ip":"::1","method":"GET","status":304,"url":"/api/v1/analytics/overview"},"service":"phishguard-backend","timestamp":"2026-04-12 19:37:53"}
{"level":"info","message":{"duration":"10ms","ip":"::1","method":"GET","status":304,"url":"/api/v1/templates?limit=50"},"service":"phishguard-backend","timestamp":"2026-04-12 19:39:38"}
{"level":"info","message":{"duration":"10ms","ip":"::1","method":"GET","status":304,"url":"/api/v1/templates?limit=50"},"service":"phishguard-backend","timestamp":"2026-04-12 19:39:38"}
{"level":"info","message":{"duration":"2629ms","ip":"::1","method":"POST","status":200,"url":"/api/v1/ai/analyze"},"service":"phishguard-backend","timestamp":"2026-04-12 19:39:41"}
{"level":"info","message":{"duration":"3011ms","ip":"::1","method":"POST","status":200,"url":"/api/v1/ai/analyze"},"service":"phishguard-backend","timestamp":"2026-04-12 19:39:41"}
{"level":"info","message":{"duration":"3434ms","ip":"::1","method":"POST","status":200,"url":"/api/v1/ai/analyze"},"service":"phishguard-backend","timestamp":"2026-04-12 19:39:41"}
{"level":"info","message":{"duration":"4076ms","ip":"::1","method":"POST","status":200,"url":"/api/v1/ai/analyze"},"service":"phishguard-backend","timestamp":"2026-04-12 19:39:42"}
{"level":"info","message":{"duration":"1973ms","ip":"::1","method":"POST","status":200,"url":"/api/v1/ai/analyze"},"service":"phishguard-backend","timestamp":"2026-04-12 19:39:43"}
{"level":"info","message":{"duration":"5251ms","ip":"::1","method":"POST","status":200,"url":"/api/v1/ai/analyze"},"service":"phishguard-backend","timestamp":"2026-04-12 19:39:43"}
{"level":"info","message":{"duration":"3924ms","ip":"::1","method":"POST","status":200,"url":"/api/v1/ai/analyze"},"service":"phishguard-backend","timestamp":"2026-04-12 19:39:45"}
{"level":"info","message":{"duration":"8208ms","ip":"::1","method":"POST","status":200,"url":"/api/v1/ai/analyze"},"service":"phishguard-backend","timestamp":"2026-04-12 19:39:46"}
{"level":"info","message":{"duration":"4794ms","ip":"::1","method":"POST","status":200,"url":"/api/v1/ai/analyze"},"service":"phishguard-backend","timestamp":"2026-04-12 19:39:46"}
{"level":"info","message":{"duration":"4795ms","ip":"::1","method":"POST","status":200,"url":"/api/v1/ai/analyze"},"service":"phishguard-backend","timestamp":"2026-04-12 19:39:47"}
{"level":"info","message":{"duration":"4227ms","ip":"::1","method":"POST","status":200,"url":"/api/v1/ai/analyze"},"service":"phishguard-backend","timestamp":"2026-04-12 19:39:47"}
{"level":"info","message":{"duration":"4362ms","ip":"::1","method":"POST","status":200,"url":"/api/v1/ai/analyze"},"service":"phishguard-backend","timestamp":"2026-04-12 19:39:48"}
{"level":"info","message":{"duration":"2690ms","ip":"::1","method":"POST","status":200,"url":"/api/v1/ai/analyze"},"service":"phishguard-backend","timestamp":"2026-04-12 19:39:48"}
{"level":"info","message":{"duration":"2009ms","ip":"::1","method":"POST","status":200,"url":"/api/v1/ai/analyze"},"service":"phishguard-backend","timestamp":"2026-04-12 19:39:48"}
{"level":"info","message":{"duration":"2007ms","ip":"::1","method":"POST","status":200,"url":"/api/v1/ai/analyze"},"service":"phishguard-backend","timestamp":"2026-04-12 19:39:48"}
{"level":"info","message":{"duration":"1978ms","ip":"::1","method":"POST","status":200,"url":"/api/v1/ai/analyze"},"service":"phishguard-backend","timestamp":"2026-04-12 19:39:49"}
{"level":"info","message":{"duration":"1985ms","ip":"::1","method":"POST","status":200,"url":"/api/v1/ai/analyze"},"service":"phishguard-backend","timestamp":"2026-04-12 19:39:49"}
{"level":"info","message":{"duration":"2398ms","ip":"::1","method":"POST","status":200,"url":"/api/v1/ai/analyze"},"service":"phishguard-backend","timestamp":"2026-04-12 19:39:50"}
{"level":"info","message":{"duration":"2409ms","ip":"::1","method":"POST","status":200,"url":"/api/v1/ai/analyze"},"service":"phishguard-backend","timestamp":"2026-04-12 19:39:50"}
{"level":"info","message":{"duration":"2395ms","ip":"::1","method":"POST","status":200,"url":"/api/v1/ai/analyze"},"service":"phishguard-backend","timestamp":"2026-04-12 19:39:51"}
{"level":"info","message":{"duration":"2408ms","ip":"::1","method":"POST","status":200,"url":"/api/v1/ai/analyze"},"service":"phishguard-backend","timestamp":"2026-04-12 19:39:51"}
{"level":"info","message":{"duration":"14ms","ip":"::1","method":"GET","status":304,"url":"/api/v1/templates/feb98411-1667-4790-b763-463abff71ae1"},"service":"phishguard-backend","timestamp":"2026-04-12 19:39:57"}
{"level":"info","message":{"duration":"28ms","ip":"::1","method":"GET","status":304,"url":"/api/v1/templates/feb98411-1667-4790-b763-463abff71ae1"},"service":"phishguard-backend","timestamp":"2026-04-12 19:39:57"}
{"level":"info","message":{"duration":"15ms","ip":"::1","method":"GET","status":304,"url":"/api/v1/templates?limit=50"},"service":"phishguard-backend","timestamp":"2026-04-12 19:40:13"}
{"level":"info","message":{"duration":"13ms","ip":"::1","method":"GET","status":304,"url":"/api/v1/templates?limit=50"},"service":"phishguard-backend","timestamp":"2026-04-12 19:40:13"}
{"level":"info","message":{"duration":"13ms","ip":"::1","method":"GET","status":304,"url":"/api/v1/templates/feb98411-1667-4790-b763-463abff71ae1"},"service":"phishguard-backend","timestamp":"2026-04-12 19:40:34"}
{"level":"info","message":{"duration":"10ms","ip":"::1","method":"GET","status":304,"url":"/api/v1/templates/feb98411-1667-4790-b763-463abff71ae1"},"service":"phishguard-backend","timestamp":"2026-04-12 19:40:34"}
{"level":"info","message":{"duration":"12ms","ip":"::1","method":"GET","status":304,"url":"/api/v1/templates?limit=50"},"service":"phishguard-backend","timestamp":"2026-04-12 19:41:05"}
{"level":"info","message":{"duration":"10ms","ip":"::1","method":"GET","status":304,"url":"/api/v1/templates?limit=50"},"service":"phishguard-backend","timestamp":"2026-04-12 19:41:05"}
{"level":"info","message":{"duration":"516ms","ip":"::1","method":"POST","status":200,"url":"/api/v1/ai/analyze"},"service":"phishguard-backend","timestamp":"2026-04-12 19:41:06"}
{"level":"info","message":{"duration":"899ms","ip":"::1","method":"POST","status":200,"url":"/api/v1/ai/analyze"},"service":"phishguard-backend","timestamp":"2026-04-12 19:41:06"}
{"level":"info","message":{"duration":"1809ms","ip":"::1","method":"POST","status":200,"url":"/api/v1/ai/analyze"},"service":"phishguard-backend","timestamp":"2026-04-12 19:41:07"}
{"level":"info","message":{"duration":"3480ms","ip":"::1","method":"POST","status":200,"url":"/api/v1/ai/analyze"},"service":"phishguard-backend","timestamp":"2026-04-12 19:41:09"}
{"level":"info","message":{"duration":"4592ms","ip":"::1","method":"POST","status":200,"url":"/api/v1/ai/analyze"},"service":"phishguard-backend","timestamp":"2026-04-12 19:41:10"}
{"level":"info","message":{"duration":"5984ms","ip":"::1","method":"POST","status":200,"url":"/api/v1/ai/analyze"},"service":"phishguard-backend","timestamp":"2026-04-12 19:41:11"}
{"level":"info","message":{"duration":"5890ms","ip":"::1","method":"POST","status":200,"url":"/api/v1/ai/analyze"},"service":"phishguard-backend","timestamp":"2026-04-12 19:41:12"}
{"level":"info","message":{"duration":"7165ms","ip":"::1","method":"POST","status":200,"url":"/api/v1/ai/analyze"},"service":"phishguard-backend","timestamp":"2026-04-12 19:41:12"}
{"level":"info","message":{"duration":"5362ms","ip":"::1","method":"POST","status":200,"url":"/api/v1/ai/analyze"},"service":"phishguard-backend","timestamp":"2026-04-12 19:41:13"}
{"level":"info","message":{"duration":"4469ms","ip":"::1","method":"POST","status":200,"url":"/api/v1/ai/analyze"},"service":"phishguard-backend","timestamp":"2026-04-12 19:41:13"}
{"level":"info","message":{"duration":"2857ms","ip":"::1","method":"POST","status":200,"url":"/api/v1/ai/analyze"},"service":"phishguard-backend","timestamp":"2026-04-12 19:41:13"}
{"level":"info","message":{"duration":"2843ms","ip":"::1","method":"POST","status":200,"url":"/api/v1/ai/analyze"},"service":"phishguard-backend","timestamp":"2026-04-12 19:41:14"}
{"level":"info","message":{"duration":"2064ms","ip":"::1","method":"POST","status":200,"url":"/api/v1/ai/analyze"},"service":"phishguard-backend","timestamp":"2026-04-12 19:41:14"}
{"level":"info","message":{"duration":"2657ms","ip":"::1","method":"POST","status":200,"url":"/api/v1/ai/analyze"},"service":"phishguard-backend","timestamp":"2026-04-12 19:41:15"}
{"level":"info","message":{"duration":"2660ms","ip":"::1","method":"POST","status":200,"url":"/api/v1/ai/analyze"},"service":"phishguard-backend","timestamp":"2026-04-12 19:41:15"}
{"level":"info","message":{"duration":"2524ms","ip":"::1","method":"POST","status":200,"url":"/api/v1/ai/analyze"},"service":"phishguard-backend","timestamp":"2026-04-12 19:41:16"}
{"level":"info","message":{"duration":"2523ms","ip":"::1","method":"POST","status":200,"url":"/api/v1/ai/analyze"},"service":"phishguard-backend","timestamp":"2026-04-12 19:41:16"}
{"level":"info","message":{"duration":"194ms","ip":"::1","method":"POST","status":201,"url":"/api/v1/templates"},"service":"phishguard-backend","timestamp":"2026-04-12 19:43:32"}
{"level":"info","message":{"duration":"18ms","ip":"::1","method":"GET","status":200,"url":"/api/v1/templates/e752823e-f45b-47d2-a673-f37c5f4c344b"},"service":"phishguard-backend","timestamp":"2026-04-12 19:43:32"}
{"level":"info","message":{"duration":"553ms","ip":"::1","method":"GET","status":304,"url":"/api/v1/users?page=1&limit=10&role=USER"},"service":"phishguard-backend","timestamp":"2026-04-12 19:43:32"}
{"level":"info","message":{"duration":"14ms","ip":"::1","method":"GET","status":304,"url":"/api/v1/users?page=1&limit=10&role=USER"},"service":"phishguard-backend","timestamp":"2026-04-12 19:43:32"}
{"level":"info","message":{"duration":"31ms","ip":"::1","method":"POST","status":201,"url":"/api/v1/campaigns"},"service":"phishguard-backend","timestamp":"2026-04-12 19:44:15"}
{"level":"info","message":{"duration":"11ms","ip":"::1","method":"POST","status":200,"url":"/api/v1/campaigns/b80dcde1-7599-43ec-986f-ef49e38f041d/launch"},"service":"phishguard-backend","timestamp":"2026-04-12 19:44:15"}
{"level":"info","message":{"duration":"15ms","ip":"::1","method":"GET","status":200,"url":"/api/v1/campaigns?page=1&limit=10"},"service":"phishguard-backend","timestamp":"2026-04-12 19:44:15"}
{"level":"info","message":{"duration":"20ms","ip":"::1","method":"GET","status":304,"url":"/api/v1/campaigns?page=1&limit=10"},"service":"phishguard-backend","timestamp":"2026-04-12 19:44:15"}
{"level":"info","message":{"duration":"27ms","ip":"::1","method":"GET","status":200,"url":"/api/v1/analytics/trend?days=90"},"service":"phishguard-backend","timestamp":"2026-04-12 19:44:28"}
{"level":"info","message":{"duration":"23ms","ip":"::1","method":"GET","status":200,"url":"/api/v1/analytics/template-performance"},"service":"phishguard-backend","timestamp":"2026-04-12 19:44:28"}
{"level":"info","message":{"duration":"38ms","ip":"::1","method":"GET","status":200,"url":"/api/v1/campaigns?limit=5"},"service":"phishguard-backend","timestamp":"2026-04-12 19:44:28"}
{"level":"info","message":{"duration":"45ms","ip":"::1","method":"GET","status":200,"url":"/api/v1/analytics/overview"},"service":"phishguard-backend","timestamp":"2026-04-12 19:44:28"}
{"level":"info","message":{"duration":"30ms","ip":"::1","method":"GET","status":304,"url":"/api/v1/analytics/trend?days=90"},"service":"phishguard-backend","timestamp":"2026-04-12 19:44:28"}
{"level":"info","message":{"duration":"54ms","ip":"::1","method":"GET","status":304,"url":"/api/v1/analytics/template-performance"},"service":"phishguard-backend","timestamp":"2026-04-12 19:44:28"}
{"level":"info","message":{"duration":"58ms","ip":"::1","method":"GET","status":304,"url":"/api/v1/campaigns?limit=5"},"service":"phishguard-backend","timestamp":"2026-04-12 19:44:28"}
{"level":"info","message":{"duration":"44ms","ip":"::1","method":"GET","status":304,"url":"/api/v1/analytics/overview"},"service":"phishguard-backend","timestamp":"2026-04-12 19:44:28"}
{"level":"info","message":{"duration":"194ms","ip":"::1","method":"PATCH","status":200,"url":"/api/v1/users/616fe9fc-e443-4751-be60-3d695a7c6e0d"},"service":"phishguard-backend","timestamp":"2026-04-12 19:55:46"}
{"level":"info","message":{"duration":"7ms","ip":"::1","method":"GET","status":304,"url":"/api/v1/auth/me"},"service":"phishguard-backend","timestamp":"2026-04-12 19:56:56"}
{"level":"info","message":"User logged out: 616fe9fc-e443-4751-be60-3d695a7c6e0d","service":"phishguard-backend","timestamp":"2026-04-12 19:57:05"}
{"level":"info","message":{"duration":"8ms","ip":"::1","method":"POST","status":200,"url":"/api/v1/auth/logout"},"service":"phishguard-backend","timestamp":"2026-04-12 19:57:05"}
{"level":"info","message":"User logged in: admin@homxe.com","service":"phishguard-backend","timestamp":"2026-04-12 19:57:41"}
{"level":"info","message":{"duration":"2221ms","ip":"::1","method":"POST","status":200,"url":"/api/v1/auth/login"},"service":"phishguard-backend","timestamp":"2026-04-12 19:57:41"}
{"level":"info","message":{"duration":"28ms","ip":"::1","method":"GET","status":304,"url":"/api/v1/analytics/trend?days=90"},"service":"phishguard-backend","timestamp":"2026-04-12 19:57:42"}
{"level":"info","message":{"duration":"63ms","ip":"::1","method":"GET","status":304,"url":"/api/v1/analytics/template-performance"},"service":"phishguard-backend","timestamp":"2026-04-12 19:57:43"}
{"level":"info","message":{"duration":"66ms","ip":"::1","method":"GET","status":304,"url":"/api/v1/analytics/trend?days=90"},"service":"phishguard-backend","timestamp":"2026-04-12 19:57:43"}
{"level":"info","message":{"duration":"80ms","ip":"::1","method":"GET","status":304,"url":"/api/v1/analytics/template-performance"},"service":"phishguard-backend","timestamp":"2026-04-12 19:57:43"}
{"level":"info","message":{"duration":"1035ms","ip":"::1","method":"GET","status":304,"url":"/api/v1/analytics/overview"},"service":"phishguard-backend","timestamp":"2026-04-12 19:57:43"}
{"level":"info","message":{"duration":"32ms","ip":"::1","method":"GET","status":304,"url":"/api/v1/analytics/overview"},"service":"phishguard-backend","timestamp":"2026-04-12 19:57:44"}
{"level":"info","message":{"duration":"1490ms","ip":"::1","method":"GET","status":304,"url":"/api/v1/campaigns?limit=5"},"service":"phishguard-backend","timestamp":"2026-04-12 19:57:44"}
{"level":"info","message":{"duration":"23ms","ip":"::1","method":"GET","status":304,"url":"/api/v1/campaigns?limit=5"},"service":"phishguard-backend","timestamp":"2026-04-12 19:57:44"}
{"level":"info","message":{"duration":"7ms","ip":"::1","method":"GET","status":304,"url":"/api/v1/auth/me"},"service":"phishguard-backend","timestamp":"2026-04-12 19:57:47"}
{"level":"info","message":{"duration":"29ms","ip":"::1","method":"GET","status":304,"url":"/api/v1/analytics/trend?days=90"},"service":"phishguard-backend","timestamp":"2026-04-12 19:57:47"}
{"level":"info","message":{"duration":"71ms","ip":"::1","method":"GET","status":304,"url":"/api/v1/analytics/template-performance"},"service":"phishguard-backend","timestamp":"2026-04-12 19:57:47"}
{"level":"info","message":{"duration":"216ms","ip":"::1","method":"GET","status":304,"url":"/api/v1/analytics/overview"},"service":"phishguard-backend","timestamp":"2026-04-12 19:57:47"}
{"level":"info","message":{"duration":"254ms","ip":"::1","method":"GET","status":304,"url":"/api/v1/campaigns?limit=5"},"service":"phishguard-backend","timestamp":"2026-04-12 19:57:47"}
{"level":"info","message":{"duration":"181ms","ip":"::1","method":"GET","status":304,"url":"/api/v1/analytics/trend?days=90"},"service":"phishguard-backend","timestamp":"2026-04-12 19:57:47"}
{"level":"info","message":{"duration":"162ms","ip":"::1","method":"GET","status":304,"url":"/api/v1/analytics/template-performance"},"service":"phishguard-backend","timestamp":"2026-04-12 19:57:48"}
{"level":"info","message":{"duration":"251ms","ip":"::1","method":"GET","status":304,"url":"/api/v1/campaigns?limit=5"},"service":"phishguard-backend","timestamp":"2026-04-12 19:57:48"}
{"level":"info","message":{"duration":"367ms","ip":"::1","method":"GET","status":304,"url":"/api/v1/analytics/overview"},"service":"phishguard-backend","timestamp":"2026-04-12 19:57:48"}
{"level":"info","message":"User logged out: 616fe9fc-e443-4751-be60-3d695a7c6e0d","service":"phishguard-backend","timestamp":"2026-04-12 19:58:06"}
{"level":"info","message":{"duration":"34ms","ip":"::1","method":"POST","status":200,"url":"/api/v1/auth/logout"},"service":"phishguard-backend","timestamp":"2026-04-12 19:58:06"}
{"level":"info","message":"User logged in: brunovince0312@gmail.com","service":"phishguard-backend","timestamp":"2026-04-12 20:02:48"}
{"level":"info","message":{"duration":"1375ms","ip":"::1","method":"POST","status":200,"url":"/api/v1/auth/login"},"service":"phishguard-backend","timestamp":"2026-04-12 20:02:48"}
{"level":"info","message":{"duration":"30ms","ip":"::1","method":"GET","status":200,"url":"/api/v1/analytics/template-performance"},"service":"phishguard-backend","timestamp":"2026-04-12 20:02:48"}
{"level":"info","message":{"duration":"52ms","ip":"::1","method":"GET","status":200,"url":"/api/v1/campaigns?limit=5"},"service":"phishguard-backend","timestamp":"2026-04-12 20:02:48"}
{"level":"info","message":{"duration":"13ms","ip":"::1","method":"GET","status":304,"url":"/api/v1/analytics/template-performance"},"service":"phishguard-backend","timestamp":"2026-04-12 20:02:48"}
{"level":"info","message":{"duration":"43ms","ip":"::1","method":"GET","status":304,"url":"/api/v1/campaigns?limit=5"},"service":"phishguard-backend","timestamp":"2026-04-12 20:02:48"}
{"level":"info","message":{"duration":"395ms","ip":"::1","method":"GET","status":200,"url":"/api/v1/analytics/overview"},"service":"phishguard-backend","timestamp":"2026-04-12 20:02:48"}
{"level":"info","message":{"duration":"421ms","ip":"::1","method":"GET","status":200,"url":"/api/v1/analytics/trend?days=90"},"service":"phishguard-backend","timestamp":"2026-04-12 20:02:48"}
{"level":"info","message":{"duration":"107ms","ip":"::1","method":"GET","status":304,"url":"/api/v1/analytics/overview"},"service":"phishguard-backend","timestamp":"2026-04-12 20:02:49"}
{"level":"info","message":{"duration":"156ms","ip":"::1","method":"GET","status":304,"url":"/api/v1/analytics/trend?days=90"},"service":"phishguard-backend","timestamp":"2026-04-12 20:02:49"}
{"level":"info","message":"User logged out: 2f7ecb0c-34ad-4a57-9b95-3ed3778abe28","service":"phishguard-backend","timestamp":"2026-04-12 20:03:15"}
{"level":"info","message":{"duration":"16ms","ip":"::1","method":"POST","status":200,"url":"/api/v1/auth/logout"},"service":"phishguard-backend","timestamp":"2026-04-12 20:03:15"}
{"level":"info","message":"User logged in: sarah@democorp.com","service":"phishguard-backend","timestamp":"2026-04-12 20:03:36"}
{"level":"info","message":{"duration":"874ms","ip":"::1","method":"POST","status":200,"url":"/api/v1/auth/login"},"service":"phishguard-backend","timestamp":"2026-04-12 20:03:36"}
{"level":"info","message":{"duration":"35ms","ip":"::1","method":"GET","status":304,"url":"/api/v1/users/044aba48-1729-4937-a625-87a7210f60f1/performance"},"service":"phishguard-backend","timestamp":"2026-04-12 20:03:37"}
{"level":"info","message":{"duration":"45ms","ip":"::1","method":"GET","status":200,"url":"/api/v1/quizzes/attempts"},"service":"phishguard-backend","timestamp":"2026-04-12 20:03:37"}
{"level":"info","message":{"duration":"33ms","ip":"::1","method":"GET","status":304,"url":"/api/v1/users/044aba48-1729-4937-a625-87a7210f60f1/performance"},"service":"phishguard-backend","timestamp":"2026-04-12 20:03:37"}
{"level":"info","message":{"duration":"67ms","ip":"::1","method":"GET","status":304,"url":"/api/v1/quizzes/attempts"},"service":"phishguard-backend","timestamp":"2026-04-12 20:03:37"}
{"level":"info","message":"User logged out: 044aba48-1729-4937-a625-87a7210f60f1","service":"phishguard-backend","timestamp":"2026-04-12 20:08:08"}
{"level":"info","message":{"duration":"141ms","ip":"::1","method":"POST","status":200,"url":"/api/v1/auth/logout"},"service":"phishguard-backend","timestamp":"2026-04-12 20:08:08"}
{"level":"info","message":"User logged in: admin@homxe.com","service":"phishguard-backend","timestamp":"2026-04-12 20:09:48"}
{"level":"info","message":{"duration":"1387ms","ip":"::1","method":"POST","status":200,"url":"/api/v1/auth/login"},"service":"phishguard-backend","timestamp":"2026-04-12 20:09:48"}
{"level":"info","message":{"duration":"220ms","ip":"::1","method":"GET","status":200,"url":"/api/v1/analytics/overview"},"service":"phishguard-backend","timestamp":"2026-04-12 20:09:49"}
{"level":"info","message":{"duration":"30ms","ip":"::1","method":"GET","status":304,"url":"/api/v1/analytics/overview"},"service":"phishguard-backend","timestamp":"2026-04-12 20:09:49"}
{"level":"info","message":{"duration":"3397ms","ip":"::1","method":"GET","status":200,"url":"/api/v1/campaigns?limit=5"},"service":"phishguard-backend","timestamp":"2026-04-12 20:09:52"}
{"level":"info","message":{"duration":"23ms","ip":"::1","method":"GET","status":304,"url":"/api/v1/campaigns?limit=5"},"service":"phishguard-backend","timestamp":"2026-04-12 20:09:52"}
{"level":"info","message":{"duration":"4785ms","ip":"::1","method":"GET","status":200,"url":"/api/v1/analytics/trend?days=90"},"service":"phishguard-backend","timestamp":"2026-04-12 20:09:53"}
{"level":"info","message":{"duration":"4879ms","ip":"::1","method":"GET","status":200,"url":"/api/v1/analytics/template-performance"},"service":"phishguard-backend","timestamp":"2026-04-12 20:09:53"}
{"level":"info","message":{"duration":"46ms","ip":"::1","method":"GET","status":304,"url":"/api/v1/analytics/trend?days=90"},"service":"phishguard-backend","timestamp":"2026-04-12 20:09:53"}
{"level":"info","message":{"duration":"31ms","ip":"::1","method":"GET","status":304,"url":"/api/v1/analytics/template-performance"},"service":"phishguard-backend","timestamp":"2026-04-12 20:09:54"}
{"level":"info","message":{"duration":"25ms","ip":"::1","method":"DELETE","status":204,"url":"/api/v1/campaigns/b80dcde1-7599-43ec-986f-ef49e38f041d"},"service":"phishguard-backend","timestamp":"2026-04-12 20:10:09"}
{"level":"info","message":{"duration":"24ms","ip":"::1","method":"GET","status":200,"url":"/api/v1/templates?limit=50"},"service":"phishguard-backend","timestamp":"2026-04-12 20:11:14"}
{"level":"info","message":{"duration":"11ms","ip":"::1","method":"GET","status":304,"url":"/api/v1/templates?limit=50"},"service":"phishguard-backend","timestamp":"2026-04-12 20:11:14"}
{"level":"info","message":{"duration":"5070ms","ip":"::1","method":"POST","status":200,"url":"/api/v1/ai/analyze"},"service":"phishguard-backend","timestamp":"2026-04-12 20:11:20"}
{"level":"info","message":{"duration":"7203ms","ip":"::1","method":"POST","status":200,"url":"/api/v1/ai/analyze"},"service":"phishguard-backend","timestamp":"2026-04-12 20:11:22"}
{"level":"info","message":{"duration":"8584ms","ip":"::1","method":"POST","status":200,"url":"/api/v1/ai/analyze"},"service":"phishguard-backend","timestamp":"2026-04-12 20:11:23"}
{"level":"info","message":{"duration":"11130ms","ip":"::1","method":"POST","status":200,"url":"/api/v1/ai/analyze"},"service":"phishguard-backend","timestamp":"2026-04-12 20:11:26"}
{"level":"info","message":{"duration":"7747ms","ip":"::1","method":"POST","status":200,"url":"/api/v1/ai/analyze"},"service":"phishguard-backend","timestamp":"2026-04-12 20:11:28"}
{"level":"info","message":{"duration":"13886ms","ip":"::1","method":"POST","status":200,"url":"/api/v1/ai/analyze"},"service":"phishguard-backend","timestamp":"2026-04-12 20:11:29"}
{"level":"info","message":{"duration":"7602ms","ip":"::1","method":"POST","status":200,"url":"/api/v1/ai/analyze"},"service":"phishguard-backend","timestamp":"2026-04-12 20:11:30"}
{"level":"info","message":{"duration":"15ms","ip":"::1","method":"GET","status":304,"url":"/api/v1/templates/e752823e-f45b-47d2-a673-f37c5f4c344b"},"service":"phishguard-backend","timestamp":"2026-04-12 20:11:55"}
{"level":"info","message":{"duration":"19ms","ip":"::1","method":"GET","status":304,"url":"/api/v1/users?page=1&limit=10&role=USER"},"service":"phishguard-backend","timestamp":"2026-04-12 20:12:00"}
{"level":"info","message":{"duration":"14ms","ip":"::1","method":"GET","status":304,"url":"/api/v1/users?page=1&limit=10&role=USER"},"service":"phishguard-backend","timestamp":"2026-04-12 20:12:00"}
{"level":"info","message":{"duration":"43ms","ip":"::1","method":"GET","status":304,"url":"/api/v1/users?page=1&limit=10&role=USER"},"service":"phishguard-backend","timestamp":"2026-04-12 20:13:14"}
{"level":"info","message":{"duration":"16ms","ip":"::1","method":"GET","status":304,"url":"/api/v1/users?page=1&limit=10&role=USER"},"service":"phishguard-backend","timestamp":"2026-04-12 20:13:14"}
{"level":"info","message":{"duration":"17ms","ip":"::1","method":"GET","status":304,"url":"/api/v1/templates?limit=50"},"service":"phishguard-backend","timestamp":"2026-04-12 20:13:18"}
{"level":"info","message":{"duration":"16ms","ip":"::1","method":"GET","status":304,"url":"/api/v1/templates?limit=50"},"service":"phishguard-backend","timestamp":"2026-04-12 20:13:18"}
{"level":"info","message":{"duration":"5831ms","ip":"::1","method":"POST","status":200,"url":"/api/v1/ai/analyze"},"service":"phishguard-backend","timestamp":"2026-04-12 20:13:24"}
{"level":"info","message":{"duration":"189ms","ip":"::1","method":"POST","status":201,"url":"/api/v1/templates"},"service":"phishguard-backend","timestamp":"2026-04-12 20:23:23"}
{"level":"info","message":{"duration":"51ms","ip":"::1","method":"GET","status":200,"url":"/api/v1/templates/fb5fd09f-1ba5-4edf-989c-01b84828afc0"},"service":"phishguard-backend","timestamp":"2026-04-12 20:23:23"}
{"level":"info","message":{"duration":"271ms","ip":"::1","method":"GET","status":304,"url":"/api/v1/users?page=1&limit=10&role=USER"},"service":"phishguard-backend","timestamp":"2026-04-12 20:23:24"}
{"level":"info","message":{"duration":"68ms","ip":"::1","method":"GET","status":304,"url":"/api/v1/users?page=1&limit=10&role=USER"},"service":"phishguard-backend","timestamp":"2026-04-12 20:23:24"}
{"level":"info","message":{"duration":"14ms","ip":"::1","method":"GET","status":200,"url":"/api/v1/users?page=2&limit=10&role=USER"},"service":"phishguard-backend","timestamp":"2026-04-12 20:23:44"}
{"level":"info","message":{"duration":"31ms","ip":"::1","method":"POST","status":201,"url":"/api/v1/campaigns"},"service":"phishguard-backend","timestamp":"2026-04-12 20:24:28"}
{"level":"info","message":{"duration":"47ms","ip":"::1","method":"POST","status":200,"url":"/api/v1/campaigns/b14c8bb2-f7de-4708-9b8d-ac4dbffba53e/launch"},"service":"phishguard-backend","timestamp":"2026-04-12 20:24:28"}
{"level":"info","message":{"duration":"20ms","ip":"::1","method":"GET","status":200,"url":"/api/v1/campaigns?page=1&limit=10"},"service":"phishguard-backend","timestamp":"2026-04-12 20:24:28"}
{"level":"info","message":{"duration":"18ms","ip":"::1","method":"GET","status":304,"url":"/api/v1/campaigns?page=1&limit=10"},"service":"phishguard-backend","timestamp":"2026-04-12 20:24:28"}
{"level":"info","message":{"duration":"19ms","ip":"::1","method":"GET","status":200,"url":"/api/v1/analytics/template-performance"},"service":"phishguard-backend","timestamp":"2026-04-12 20:24:44"}
{"level":"info","message":{"duration":"28ms","ip":"::1","method":"GET","status":200,"url":"/api/v1/campaigns?limit=5"},"service":"phishguard-backend","timestamp":"2026-04-12 20:24:44"}
{"level":"info","message":{"duration":"20ms","ip":"::1","method":"GET","status":304,"url":"/api/v1/analytics/template-performance"},"service":"phishguard-backend","timestamp":"2026-04-12 20:24:44"}
{"level":"info","message":{"duration":"103ms","ip":"::1","method":"GET","status":304,"url":"/api/v1/campaigns?limit=5"},"service":"phishguard-backend","timestamp":"2026-04-12 20:24:44"}
{"level":"info","message":{"duration":"38ms","ip":"::1","method":"GET","status":200,"url":"/api/v1/analytics/trend?days=90"},"service":"phishguard-backend","timestamp":"2026-04-12 20:24:44"}
{"level":"info","message":{"duration":"19ms","ip":"::1","method":"GET","status":304,"url":"/api/v1/analytics/trend?days=90"},"service":"phishguard-backend","timestamp":"2026-04-12 20:24:44"}
{"level":"info","message":{"duration":"560ms","ip":"::1","method":"GET","status":200,"url":"/api/v1/analytics/overview"},"service":"phishguard-backend","timestamp":"2026-04-12 20:24:44"}
{"level":"info","message":{"duration":"55ms","ip":"::1","method":"GET","status":304,"url":"/api/v1/analytics/overview"},"service":"phishguard-backend","timestamp":"2026-04-12 20:24:44"}
{"level":"info","message":{"duration":"30ms","ip":"::1","method":"GET","status":304,"url":"/api/v1/campaigns?page=1&limit=10"},"service":"phishguard-backend","timestamp":"2026-04-12 20:26:03"}
{"level":"info","message":{"duration":"67ms","ip":"::1","method":"GET","status":304,"url":"/api/v1/campaigns?page=1&limit=10"},"service":"phishguard-backend","timestamp":"2026-04-12 20:26:03"}
{"level":"info","message":{"duration":"22ms","ip":"::1","method":"GET","status":200,"url":"/api/v1/campaigns/b14c8bb2-f7de-4708-9b8d-ac4dbffba53e/results"},"service":"phishguard-backend","timestamp":"2026-04-12 20:26:10"}
{"level":"info","message":{"duration":"174ms","ip":"::1","method":"GET","status":304,"url":"/api/v1/campaigns/b14c8bb2-f7de-4708-9b8d-ac4dbffba53e/results"},"service":"phishguard-backend","timestamp":"2026-04-12 20:26:10"}
{"level":"info","message":{"duration":"14ms","ip":"::1","method":"GET","status":304,"url":"/api/v1/users?page=1&limit=10&role=USER"},"service":"phishguard-backend","timestamp":"2026-04-12 20:28:46"}
{"level":"info","message":{"duration":"20ms","ip":"::1","method":"GET","status":304,"url":"/api/v1/analytics/risk-assessment"},"service":"phishguard-backend","timestamp":"2026-04-12 20:28:46"}
{"level":"info","message":{"duration":"14ms","ip":"::1","method":"GET","status":304,"url":"/api/v1/analytics/risk-assessment"},"service":"phishguard-backend","timestamp":"2026-04-12 20:28:46"}
{"level":"info","message":{"duration":"763ms","ip":"::1","method":"GET","status":304,"url":"/api/v1/users?page=1&limit=10&role=USER"},"service":"phishguard-backend","timestamp":"2026-04-12 20:28:46"}
{"level":"info","message":{"duration":"12ms","ip":"::1","method":"GET","status":304,"url":"/api/v1/users?page=1&limit=10&role=USER"},"service":"phishguard-backend","timestamp":"2026-04-12 20:29:06"}
{"level":"info","message":{"duration":"29ms","ip":"::1","method":"GET","status":304,"url":"/api/v1/campaigns?page=1&limit=10"},"service":"phishguard-backend","timestamp":"2026-04-12 20:29:57"}
{"level":"info","message":{"duration":"33ms","ip":"::1","method":"GET","status":304,"url":"/api/v1/campaigns?page=1&limit=10"},"service":"phishguard-backend","timestamp":"2026-04-12 20:29:57"}
{"clientVersion":"5.22.0","errorCode":"P1000","level":"error","message":"✗ Database connection failed: Authentication failed against database server at `localhost`, the provided database credentials for `phishguard_user` are not valid.\n\nPlease make sure to provide valid database credentials for the database server at `localhost`.","name":"PrismaClientInitializationError","service":"phishguard-backend","stack":"PrismaClientInitializationError: Authentication failed against database server at `localhost`, the provided database credentials for `phishguard_user` are not valid.\n\nPlease make sure to provide valid database credentials for the database server at `localhost`.\n    at t (/Users/alamasonyejeremiah/Downloads/PhishGuardBackend/node_modules/@prisma/client/runtime/library.js:112:2488)\n    at async connectDatabase (/Users/alamasonyejeremiah/Downloads/PhishGuardBackend/src/utils/database.ts:56:5)\n    at async startServer (/Users/alamasonyejeremiah/Downloads/PhishGuardBackend/src/index.ts:12:5)","timestamp":"2026-04-14 00:01:48"}
{"level":"info","message":"✓ Database connected successfully","service":"phishguard-backend","timestamp":"2026-04-14 00:03:44"}
{"level":"info","message":"🚀 ============================================","service":"phishguard-backend","timestamp":"2026-04-14 00:03:44"}
{"level":"info","message":"🚀 Server started successfully!","service":"phishguard-backend","timestamp":"2026-04-14 00:03:44"}
{"level":"info","message":"🚀 Environment: development","service":"phishguard-backend","timestamp":"2026-04-14 00:03:44"}
{"level":"info","message":"🚀 Port: 3001","service":"phishguard-backend","timestamp":"2026-04-14 00:03:44"}
{"level":"info","message":"🚀 API Version: v1","service":"phishguard-backend","timestamp":"2026-04-14 00:03:44"}
{"level":"info","message":"🚀 Health Check: http://localhost:3001/health","service":"phishguard-backend","timestamp":"2026-04-14 00:03:44"}
{"level":"info","message":"🚀 API Base URL: http://localhost:3001/api/v1","service":"phishguard-backend","timestamp":"2026-04-14 00:03:44"}
{"level":"info","message":"🚀 ============================================","service":"phishguard-backend","timestamp":"2026-04-14 00:03:44"}
{"ip":"::1","level":"error","message":"Invalid token","method":"GET","service":"phishguard-backend","stack":"Error: Invalid token\n    at verifyAccessToken (/Users/alamasonyejeremiah/Downloads/PhishGuardBackend/src/utils/auth.ts:88:13)\n    at authenticate (/Users/alamasonyejeremiah/Downloads/PhishGuardBackend/src/middleware/auth.middleware.ts:36:21)\n    at Layer.handle [as handle_request] (/Users/alamasonyejeremiah/Downloads/PhishGuardBackend/node_modules/express/lib/router/layer.js:95:5)\n    at next (/Users/alamasonyejeremiah/Downloads/PhishGuardBackend/node_modules/express/lib/router/route.js:149:13)\n    at Route.dispatch (/Users/alamasonyejeremiah/Downloads/PhishGuardBackend/node_modules/express/lib/router/route.js:119:3)\n    at Layer.handle [as handle_request] (/Users/alamasonyejeremiah/Downloads/PhishGuardBackend/node_modules/express/lib/router/layer.js:95:5)\n    at /Users/alamasonyejeremiah/Downloads/PhishGuardBackend/node_modules/express/lib/router/index.js:284:15\n    at router.process_params (/Users/alamasonyejeremiah/Downloads/PhishGuardBackend/node_modules/express/lib/router/index.js:346:12)\n    at next (/Users/alamasonyejeremiah/Downloads/PhishGuardBackend/node_modules/express/lib/router/index.js:280:10)\n    at router.handle (/Users/alamasonyejeremiah/Downloads/PhishGuardBackend/node_modules/express/lib/router/index.js:175:3)","timestamp":"2026-04-14 00:04:21","url":"/api/v1/auth/me","userAgent":"Mozilla/5.0 (Macintosh; Intel Mac OS X 10_15_7) AppleWebKit/605.1.15 (KHTML, like Gecko) Version/26.2 Safari/605.1.15"}
{"level":"info","message":{"duration":"5ms","ip":"::1","method":"GET","status":401,"url":"/api/v1/auth/me"},"service":"phishguard-backend","timestamp":"2026-04-14 00:04:21"}
{"level":"info","message":"User registered: nathan17@gmail.com","service":"phishguard-backend","timestamp":"2026-04-14 00:05:36"}
{"level":"info","message":{"duration":"267ms","ip":"::1","method":"POST","status":201,"url":"/api/v1/auth/register"},"service":"phishguard-backend","timestamp":"2026-04-14 00:05:36"}
{"level":"info","message":{"duration":"164ms","ip":"::1","method":"GET","status":304,"url":"/api/v1/analytics/template-performance"},"service":"phishguard-backend","timestamp":"2026-04-14 00:05:37"}
{"level":"info","message":{"duration":"192ms","ip":"::1","method":"GET","status":304,"url":"/api/v1/analytics/trend?days=90"},"service":"phishguard-backend","timestamp":"2026-04-14 00:05:37"}
{"level":"info","message":{"duration":"214ms","ip":"::1","method":"GET","status":304,"url":"/api/v1/campaigns?limit=5"},"service":"phishguard-backend","timestamp":"2026-04-14 00:05:37"}
{"level":"info","message":{"duration":"224ms","ip":"::1","method":"GET","status":304,"url":"/api/v1/analytics/overview"},"service":"phishguard-backend","timestamp":"2026-04-14 00:05:37"}
{"level":"info","message":{"duration":"31ms","ip":"::1","method":"GET","status":304,"url":"/api/v1/campaigns?page=1&limit=10"},"service":"phishguard-backend","timestamp":"2026-04-14 00:05:41"}
{"level":"info","message":{"duration":"7ms","ip":"::1","method":"GET","status":304,"url":"/api/v1/analytics/trend?days=90"},"service":"phishguard-backend","timestamp":"2026-04-14 00:05:46"}
{"level":"info","message":{"duration":"6ms","ip":"::1","method":"GET","status":304,"url":"/api/v1/campaigns?limit=5"},"service":"phishguard-backend","timestamp":"2026-04-14 00:05:46"}
{"level":"info","message":{"duration":"12ms","ip":"::1","method":"GET","status":304,"url":"/api/v1/analytics/overview"},"service":"phishguard-backend","timestamp":"2026-04-14 00:05:46"}
{"level":"info","message":{"duration":"8ms","ip":"::1","method":"GET","status":304,"url":"/api/v1/analytics/overview"},"service":"phishguard-backend","timestamp":"2026-04-14 00:05:46"}
{"level":"info","message":{"duration":"1ms","ip":"::1","method":"GET","status":304,"url":"/api/v1/analytics/template-performance"},"service":"phishguard-backend","timestamp":"2026-04-14 00:05:46"}
{"level":"info","message":{"duration":"7ms","ip":"::1","method":"GET","status":304,"url":"/api/v1/campaigns?limit=5"},"service":"phishguard-backend","timestamp":"2026-04-14 00:05:46"}
{"level":"info","message":{"duration":"16ms","ip":"::1","method":"GET","status":304,"url":"/api/v1/analytics/template-performance"},"service":"phishguard-backend","timestamp":"2026-04-14 00:05:46"}
{"level":"info","message":{"duration":"16ms","ip":"::1","method":"GET","status":304,"url":"/api/v1/analytics/trend?days=90"},"service":"phishguard-backend","timestamp":"2026-04-14 00:05:46"}
{"level":"info","message":{"duration":"15ms","ip":"::1","method":"GET","status":304,"url":"/api/v1/templates?limit=50"},"service":"phishguard-backend","timestamp":"2026-04-14 00:05:55"}
{"ip":"::1","level":"error","message":"[\n  {\n    \"code\": \"too_small\",\n    \"minimum\": 50,\n    \"type\": \"string\",\n    \"inclusive\": true,\n    \"exact\": false,\n    \"message\": \"String must contain at least 50 character(s)\",\n    \"path\": [\n      \"body\"\n    ]\n  }\n]","method":"POST","service":"phishguard-backend","stack":"ZodError: [\n  {\n    \"code\": \"too_small\",\n    \"minimum\": 50,\n    \"type\": \"string\",\n    \"inclusive\": true,\n    \"exact\": false,\n    \"message\": \"String must contain at least 50 character(s)\",\n    \"path\": [\n      \"body\"\n    ]\n  }\n]\n    at get error (/Users/alamasonyejeremiah/Downloads/PhishGuardBackend/node_modules/zod/v3/types.cjs:45:31)\n    at ZodObject.parse (/Users/alamasonyejeremiah/Downloads/PhishGuardBackend/node_modules/zod/v3/types.cjs:120:22)\n    at <anonymous> (/Users/alamasonyejeremiah/Downloads/PhishGuardBackend/src/middleware/validate.middleware.ts:11:25)\n    at Layer.handle [as handle_request] (/Users/alamasonyejeremiah/Downloads/PhishGuardBackend/node_modules/express/lib/router/layer.js:95:5)\n    at next (/Users/alamasonyejeremiah/Downloads/PhishGuardBackend/node_modules/express/lib/router/route.js:149:13)\n    at requireAdmin (/Users/alamasonyejeremiah/Downloads/PhishGuardBackend/src/middleware/auth.middleware.ts:103:5)\n    at Layer.handle [as handle_request] (/Users/alamasonyejeremiah/Downloads/PhishGuardBackend/node_modules/express/lib/router/layer.js:95:5)\n    at next (/Users/alamasonyejeremiah/Downloads/PhishGuardBackend/node_modules/express/lib/router/route.js:149:13)\n    at Route.dispatch (/Users/alamasonyejeremiah/Downloads/PhishGuardBackend/node_modules/express/lib/router/route.js:119:3)\n    at Layer.handle [as handle_request] (/Users/alamasonyejeremiah/Downloads/PhishGuardBackend/node_modules/express/lib/router/layer.js:95:5)","timestamp":"2026-04-14 00:07:15","url":"/api/v1/templates","userAgent":"Mozilla/5.0 (Macintosh; Intel Mac OS X 10_15_7) AppleWebKit/605.1.15 (KHTML, like Gecko) Version/26.2 Safari/605.1.15"}
{"level":"info","message":{"duration":"12ms","ip":"::1","method":"POST","status":422,"url":"/api/v1/templates"},"service":"phishguard-backend","timestamp":"2026-04-14 00:07:15"}
{"level":"info","message":{"duration":"5ms","ip":"::1","method":"GET","status":200,"url":"/api/v1/auth/me"},"service":"phishguard-backend","timestamp":"2026-04-14 00:08:55"}
{"level":"info","message":{"duration":"2ms","ip":"::1","method":"GET","status":304,"url":"/api/v1/auth/me"},"service":"phishguard-backend","timestamp":"2026-04-14 00:08:59"}
{"level":"info","message":{"duration":"4ms","ip":"::1","method":"GET","status":304,"url":"/api/v1/analytics/template-performance"},"service":"phishguard-backend","timestamp":"2026-04-14 00:08:59"}
{"level":"info","message":{"duration":"43ms","ip":"::1","method":"GET","status":304,"url":"/api/v1/analytics/trend?days=90"},"service":"phishguard-backend","timestamp":"2026-04-14 00:08:59"}
{"level":"info","message":{"duration":"40ms","ip":"::1","method":"GET","status":304,"url":"/api/v1/campaigns?limit=5"},"service":"phishguard-backend","timestamp":"2026-04-14 00:08:59"}
{"level":"info","message":{"duration":"114ms","ip":"::1","method":"GET","status":304,"url":"/api/v1/analytics/overview"},"service":"phishguard-backend","timestamp":"2026-04-14 00:08:59"}
{"level":"info","message":{"duration":"2ms","ip":"::1","method":"GET","status":304,"url":"/api/v1/auth/me"},"service":"phishguard-backend","timestamp":"2026-04-14 00:08:59"}
{"level":"info","message":{"duration":"2ms","ip":"::1","method":"GET","status":304,"url":"/api/v1/campaigns?limit=5"},"service":"phishguard-backend","timestamp":"2026-04-14 00:09:02"}
{"level":"info","message":{"duration":"2ms","ip":"::1","method":"GET","status":304,"url":"/api/v1/analytics/template-performance"},"service":"phishguard-backend","timestamp":"2026-04-14 00:09:02"}
{"level":"info","message":{"duration":"4ms","ip":"::1","method":"GET","status":304,"url":"/api/v1/analytics/trend?days=90"},"service":"phishguard-backend","timestamp":"2026-04-14 00:09:02"}
{"level":"info","message":{"duration":"2ms","ip":"::1","method":"GET","status":304,"url":"/api/v1/analytics/trend?days=90"},"service":"phishguard-backend","timestamp":"2026-04-14 00:09:02"}
{"level":"info","message":{"duration":"10ms","ip":"::1","method":"GET","status":304,"url":"/api/v1/analytics/overview"},"service":"phishguard-backend","timestamp":"2026-04-14 00:09:02"}
{"level":"info","message":{"duration":"8ms","ip":"::1","method":"GET","status":304,"url":"/api/v1/analytics/overview"},"service":"phishguard-backend","timestamp":"2026-04-14 00:09:02"}
{"level":"info","message":{"duration":"7ms","ip":"::1","method":"GET","status":304,"url":"/api/v1/campaigns?limit=5"},"service":"phishguard-backend","timestamp":"2026-04-14 00:09:02"}
{"level":"info","message":{"duration":"22ms","ip":"::1","method":"GET","status":304,"url":"/api/v1/analytics/template-performance"},"service":"phishguard-backend","timestamp":"2026-04-14 00:09:02"}
{"level":"info","message":"User logged out: 1532f407-1c22-4062-8a62-0b115a9d702b","service":"phishguard-backend","timestamp":"2026-04-14 00:09:06"}
{"level":"info","message":{"duration":"7ms","ip":"::1","method":"POST","status":200,"url":"/api/v1/auth/logout"},"service":"phishguard-backend","timestamp":"2026-04-14 00:09:06"}
{"level":"info","message":"User registered: jacobsnail17@gmail.com","service":"phishguard-backend","timestamp":"2026-04-14 00:09:39"}
{"level":"info","message":{"duration":"244ms","ip":"::1","method":"POST","status":201,"url":"/api/v1/auth/register"},"service":"phishguard-backend","timestamp":"2026-04-14 00:09:39"}
{"level":"info","message":{"duration":"3ms","ip":"::1","method":"GET","status":200,"url":"/api/v1/users/b4391ea6-7ec3-430f-ba27-7bdbd5c4afb6/performance"},"service":"phishguard-backend","timestamp":"2026-04-14 00:09:39"}
{"level":"info","message":{"duration":"3ms","ip":"::1","method":"GET","status":304,"url":"/api/v1/quizzes/attempts"},"service":"phishguard-backend","timestamp":"2026-04-14 00:09:39"}
{"level":"info","message":{"duration":"6ms","ip":"::1","method":"GET","status":200,"url":"/api/v1/quizzes?limit=20"},"service":"phishguard-backend","timestamp":"2026-04-14 00:09:48"}
{"level":"info","message":{"duration":"9ms","ip":"::1","method":"GET","status":304,"url":"/api/v1/quizzes?limit=20"},"service":"phishguard-backend","timestamp":"2026-04-14 00:10:06"}
{"level":"info","message":{"duration":"7ms","ip":"::1","method":"GET","status":304,"url":"/api/v1/quizzes?limit=20"},"service":"phishguard-backend","timestamp":"2026-04-14 00:10:06"}
{"level":"info","message":{"duration":"5ms","ip":"::1","method":"GET","status":304,"url":"/api/v1/quizzes/attempts"},"service":"phishguard-backend","timestamp":"2026-04-14 00:10:18"}
{"level":"info","message":{"duration":"10ms","ip":"::1","method":"GET","status":304,"url":"/api/v1/quizzes/attempts"},"service":"phishguard-backend","timestamp":"2026-04-14 00:10:18"}
{"level":"info","message":{"duration":"14ms","ip":"::1","method":"GET","status":304,"url":"/api/v1/users/b4391ea6-7ec3-430f-ba27-7bdbd5c4afb6/performance"},"service":"phishguard-backend","timestamp":"2026-04-14 00:10:18"}
{"level":"info","message":{"duration":"17ms","ip":"::1","method":"GET","status":304,"url":"/api/v1/users/b4391ea6-7ec3-430f-ba27-7bdbd5c4afb6/performance"},"service":"phishguard-backend","timestamp":"2026-04-14 00:10:18"}
{"level":"info","message":{"duration":"15ms","ip":"::1","method":"GET","status":304,"url":"/api/v1/quizzes?limit=20"},"service":"phishguard-backend","timestamp":"2026-04-14 00:10:27"}
{"level":"info","message":{"duration":"15ms","ip":"::1","method":"GET","status":304,"url":"/api/v1/quizzes?limit=20"},"service":"phishguard-backend","timestamp":"2026-04-14 00:10:27"}
{"level":"info","message":{"duration":"49ms","ip":"::1","method":"GET","status":200,"url":"/api/v1/auth/me"},"service":"phishguard-backend","timestamp":"2026-04-14 00:12:56"}
{"level":"info","message":{"duration":"2ms","ip":"::1","method":"GET","status":304,"url":"/api/v1/quizzes/attempts"},"service":"phishguard-backend","timestamp":"2026-04-14 00:12:56"}
{"level":"info","message":{"duration":"79ms","ip":"::1","method":"GET","status":304,"url":"/api/v1/users/b4391ea6-7ec3-430f-ba27-7bdbd5c4afb6/performance"},"service":"phishguard-backend","timestamp":"2026-04-14 00:12:56"}
{"level":"info","message":"✓ Database connected successfully","service":"phishguard-backend","timestamp":"2026-04-16 01:24:28"}
{"level":"info","message":"🚀 ============================================","service":"phishguard-backend","timestamp":"2026-04-16 01:24:28"}
{"level":"info","message":"🚀 Server started successfully!","service":"phishguard-backend","timestamp":"2026-04-16 01:24:28"}
{"level":"info","message":"🚀 Environment: development","service":"phishguard-backend","timestamp":"2026-04-16 01:24:28"}
{"level":"info","message":"🚀 Port: 3001","service":"phishguard-backend","timestamp":"2026-04-16 01:24:28"}
{"level":"info","message":"🚀 API Version: v1","service":"phishguard-backend","timestamp":"2026-04-16 01:24:28"}
{"level":"info","message":"🚀 Health Check: http://localhost:3001/health","service":"phishguard-backend","timestamp":"2026-04-16 01:24:28"}
{"level":"info","message":"🚀 API Base URL: http://localhost:3001/api/v1","service":"phishguard-backend","timestamp":"2026-04-16 01:24:28"}
{"level":"info","message":"🚀 ============================================","service":"phishguard-backend","timestamp":"2026-04-16 01:24:28"}
{"level":"info","message":"\nSIGINT received, starting graceful shutdown...","service":"phishguard-backend","timestamp":"2026-04-16 01:24:31"}
{"level":"info","message":"HTTP server closed","service":"phishguard-backend","timestamp":"2026-04-16 01:24:31"}
{"level":"info","message":"\nSIGINT received, starting graceful shutdown...","service":"phishguard-backend","timestamp":"2026-04-16 01:24:31"}
{"level":"info","message":"HTTP server closed","service":"phishguard-backend","timestamp":"2026-04-16 01:24:31"}
{"level":"info","message":"✓ Database disconnected successfully","service":"phishguard-backend","timestamp":"2026-04-16 01:24:31"}
{"level":"info","message":"✓ Database connected successfully","service":"phishguard-backend","timestamp":"2026-04-17 11:10:45"}
{"level":"info","message":"🚀 ============================================","service":"phishguard-backend","timestamp":"2026-04-17 11:10:45"}
{"level":"info","message":"🚀 Server started successfully!","service":"phishguard-backend","timestamp":"2026-04-17 11:10:45"}
{"level":"info","message":"🚀 Environment: development","service":"phishguard-backend","timestamp":"2026-04-17 11:10:45"}
{"level":"info","message":"🚀 Port: 3001","service":"phishguard-backend","timestamp":"2026-04-17 11:10:45"}
{"level":"info","message":"🚀 API Version: v1","service":"phishguard-backend","timestamp":"2026-04-17 11:10:45"}
{"level":"info","message":"🚀 Health Check: http://localhost:3001/health","service":"phishguard-backend","timestamp":"2026-04-17 11:10:45"}
{"level":"info","message":"🚀 API Base URL: http://localhost:3001/api/v1","service":"phishguard-backend","timestamp":"2026-04-17 11:10:45"}
{"level":"info","message":"🚀 ============================================","service":"phishguard-backend","timestamp":"2026-04-17 11:10:45"}
{"level":"info","message":"User registered: favour12@gmail.com","service":"phishguard-backend","timestamp":"2026-04-17 11:11:54"}
{"level":"info","message":{"duration":"349ms","ip":"::1","method":"POST","status":201,"url":"/api/v1/auth/register"},"service":"phishguard-backend","timestamp":"2026-04-17 11:11:54"}
{"level":"info","message":{"duration":"75ms","ip":"::1","method":"GET","status":304,"url":"/api/v1/analytics/template-performance"},"service":"phishguard-backend","timestamp":"2026-04-17 11:11:55"}
{"level":"info","message":{"duration":"81ms","ip":"::1","method":"GET","status":304,"url":"/api/v1/analytics/trend?days=90"},"service":"phishguard-backend","timestamp":"2026-04-17 11:11:55"}
{"level":"info","message":{"duration":"93ms","ip":"::1","method":"GET","status":304,"url":"/api/v1/analytics/overview"},"service":"phishguard-backend","timestamp":"2026-04-17 11:11:55"}
{"level":"info","message":{"duration":"91ms","ip":"::1","method":"GET","status":304,"url":"/api/v1/campaigns?limit=5"},"service":"phishguard-backend","timestamp":"2026-04-17 11:11:55"}
{"level":"info","message":{"duration":"25ms","ip":"::1","method":"GET","status":304,"url":"/api/v1/campaigns?page=1&limit=10"},"service":"phishguard-backend","timestamp":"2026-04-17 11:12:00"}
{"level":"info","message":{"duration":"23ms","ip":"::1","method":"GET","status":304,"url":"/api/v1/templates?limit=50"},"service":"phishguard-backend","timestamp":"2026-04-17 11:12:11"}
{"level":"info","message":{"duration":"5ms","ip":"::1","method":"GET","status":200,"url":"/api/v1/users?page=1&limit=10&role=USER"},"service":"phishguard-backend","timestamp":"2026-04-17 11:12:25"}
{"level":"info","message":{"duration":"5ms","ip":"::1","method":"GET","status":200,"url":"/api/v1/analytics/risk-assessment"},"service":"phishguard-backend","timestamp":"2026-04-17 11:12:25"}
{"level":"info","message":{"duration":"21ms","ip":"::1","method":"GET","status":304,"url":"/api/v1/campaigns?page=1&limit=10"},"service":"phishguard-backend","timestamp":"2026-04-17 11:12:34"}
{"level":"info","message":{"duration":"20ms","ip":"::1","method":"GET","status":304,"url":"/api/v1/campaigns?page=1&limit=10"},"service":"phishguard-backend","timestamp":"2026-04-17 11:12:34"}
{"level":"info","message":{"duration":"6ms","ip":"::1","method":"GET","status":304,"url":"/api/v1/templates?limit=50"},"service":"phishguard-backend","timestamp":"2026-04-17 11:12:44"}
{"level":"info","message":{"duration":"4ms","ip":"::1","method":"GET","status":304,"url":"/api/v1/templates?limit=50"},"service":"phishguard-backend","timestamp":"2026-04-17 11:12:44"}
{"level":"info","message":{"duration":"18ms","ip":"::1","method":"POST","status":201,"url":"/api/v1/templates"},"service":"phishguard-backend","timestamp":"2026-04-17 11:13:48"}
{"level":"info","message":{"duration":"5ms","ip":"::1","method":"GET","status":304,"url":"/api/v1/users?page=1&limit=10&role=USER"},"service":"phishguard-backend","timestamp":"2026-04-17 11:13:48"}
{"level":"info","message":{"duration":"5ms","ip":"::1","method":"GET","status":200,"url":"/api/v1/templates/1ea00463-bebb-4b04-b43c-974e4067b101"},"service":"phishguard-backend","timestamp":"2026-04-17 11:13:48"}
{"level":"info","message":{"duration":"4ms","ip":"::1","method":"GET","status":304,"url":"/api/v1/users?page=1&limit=10&role=USER"},"service":"phishguard-backend","timestamp":"2026-04-17 11:13:48"}
{"level":"info","message":{"duration":"22ms","ip":"::1","method":"POST","status":201,"url":"/api/v1/campaigns"},"service":"phishguard-backend","timestamp":"2026-04-17 11:14:10"}
{"level":"info","message":{"duration":"10ms","ip":"::1","method":"POST","status":200,"url":"/api/v1/campaigns/d455dbb7-d6fe-4817-bff1-1be8acfc7b3e/launch"},"service":"phishguard-backend","timestamp":"2026-04-17 11:14:10"}
{"level":"info","message":{"duration":"20ms","ip":"::1","method":"GET","status":200,"url":"/api/v1/campaigns?page=1&limit=10"},"service":"phishguard-backend","timestamp":"2026-04-17 11:14:11"}
{"level":"info","message":{"duration":"25ms","ip":"::1","method":"GET","status":200,"url":"/api/v1/campaigns?page=1&limit=10"},"service":"phishguard-backend","timestamp":"2026-04-17 11:14:11"}
{"level":"info","message":{"duration":"3ms","ip":"::1","method":"GET","status":200,"url":"/api/v1/campaigns/d455dbb7-d6fe-4817-bff1-1be8acfc7b3e/results"},"service":"phishguard-backend","timestamp":"2026-04-17 11:14:21"}
{"level":"info","message":{"duration":"16ms","ip":"::1","method":"GET","status":304,"url":"/api/v1/analytics/risk-assessment"},"service":"phishguard-backend","timestamp":"2026-04-17 11:15:00"}
{"level":"info","message":{"duration":"16ms","ip":"::1","method":"GET","status":304,"url":"/api/v1/analytics/risk-assessment"},"service":"phishguard-backend","timestamp":"2026-04-17 11:15:00"}
{"level":"info","message":{"duration":"20ms","ip":"::1","method":"GET","status":304,"url":"/api/v1/users?page=1&limit=10&role=USER"},"service":"phishguard-backend","timestamp":"2026-04-17 11:15:00"}
{"level":"info","message":{"duration":"17ms","ip":"::1","method":"GET","status":304,"url":"/api/v1/users?page=1&limit=10&role=USER"},"service":"phishguard-backend","timestamp":"2026-04-17 11:15:00"}
{"level":"info","message":{"duration":"28ms","ip":"::1","method":"GET","status":304,"url":"/api/v1/campaigns?page=1&limit=10"},"service":"phishguard-backend","timestamp":"2026-04-17 11:15:03"}
{"level":"info","message":{"duration":"25ms","ip":"::1","method":"GET","status":304,"url":"/api/v1/campaigns?page=1&limit=10"},"service":"phishguard-backend","timestamp":"2026-04-17 11:15:03"}
{"level":"info","message":{"duration":"12ms","ip":"::1","method":"DELETE","status":204,"url":"/api/v1/campaigns/d455dbb7-d6fe-4817-bff1-1be8acfc7b3e"},"service":"phishguard-backend","timestamp":"2026-04-17 11:15:29"}
{"level":"info","message":{"duration":"5ms","ip":"::1","method":"GET","status":200,"url":"/api/v1/campaigns?page=1&limit=10"},"service":"phishguard-backend","timestamp":"2026-04-17 11:15:29"}
{"level":"info","message":"\nSIGINT received, starting graceful shutdown...","service":"phishguard-backend","timestamp":"2026-04-17 11:22:04"}
{"level":"info","message":"HTTP server closed","service":"phishguard-backend","timestamp":"2026-04-17 11:22:04"}
{"level":"info","message":"\nSIGINT received, starting graceful shutdown...","service":"phishguard-backend","timestamp":"2026-04-17 11:22:04"}
{"level":"info","message":"HTTP server closed","service":"phishguard-backend","timestamp":"2026-04-17 11:22:04"}
{"level":"info","message":"✓ Database disconnected successfully","service":"phishguard-backend","timestamp":"2026-04-17 11:22:04"}
